Workbook

Sheet Panduan
B1: PANDUAN MENGOPERASIKAN PROGRAM DASAR PERHITUNGAN MCDM METODE AHP (Analityc Hierarchy Process)
B3: Sheet | C3: Keterangan | L3: Program MCDM metode AHP ini untuk mendukung pengambilan keputusan dari
B4: Challanges | C4: Ketik Nama Kegiatan Perhitungan AHP (disesuaikan di sini) pada sheet Challanges | L4: beberapa pilihan challenges dan didukung dengan beberapa kriteria pendukung.
C5: Input jumlah candidate challanges pada cell warna biru | L5: Perhitungan untuk mengambil keputusan melalui beberapa tahap seperti
C6: Input nama challanges dan kode challanges pada cell yang berwarna biru | L6: keterangan panduan di samping.
B7: Bobot & | C7: Input jumlah kriteria pada cell warna biru
B8: Kriteria | C8: Input nama, kode dan bobot kriteria pada cell warna biru
B9: Data Kriteria | C9: Input data nilai kriteria setiap challanges pada cell warna biru yang sesuai
C10: Kolom B adalah kode challenges otomatis tertulis (copy dari sheet Chalanges)
C11: Baris 5 adalah kode kriteria otomatis tertulis (copy dari sheet Kriteria&Bobot)
B12: Eig Vec | C12: Tampilan hasil perhitungan Eigen Vector Bobot Kriteria
B13: Bobot Kriteria | C13: Periksa CR (Consistency Ratio) dari hasil perhitungan, jika CR < 1 maka data dan hasil eigen vector
C14: sudah memenuhi syarat dan perhitungan dapat dilanjutkan, jika > 1 maka periksa data Bobot
B15: Eig Vec | C15: Tampilan hasil perhitungan Eigen Vector challenges setiap Kriteria
B16: Kriteria | C16: Periksa CR (Consistency Ratio) dari hasil perhitungan, jika CR < 1 maka data dan hasil eigen vector
C17: sudah memenuhi syarat dan perhitungan dapat dilanjutkan, jika > 1 maka periksa data Kriteria
B18: FINAL MATRIK | C18: Perkalian matrik eigen vector challenges dengan eigen vector bobot kriteria yang menghasilkan
C19: nilai untuk dapat diurutkan menjadi peringkat pada sheet PERINGKAT
B20: PERINGKAT | C20: Tampilan hasil akhir dari perhitungan AHP (Urutan Peringkat Chalanges)
C21: Apabila terjadi keanehan dalam tampilan hasil akhir, periksa CR setiap Eigen Vector Kriteria

Sheet Challanges
C1: Nama Kegiatan Perhitungan AHP (disesuaikan di sini)
B3: INPUT JUMLAH CANDIDATE CHALLENGES | E3: <=== | F3: MINIMUM 3 CHALLANGES | G3: 3 | H3: Challenges
F4: MAXIMUM 15 CHALLANGES | G4: 15 | H4: Challenges
B6: NO | C6: NAMA CHALLANGES | D6: KODE CHALLENGES | F6: Note :
B7: =IF($D$3>2,1,"") | F7: Input jumlah candidate challenges pada cell D4
B8: =IF($D$3>2,2,"") | F8: Ketik "Nama Challanges" dan "Kode Challenges" pada Cell yang warna "BIRU"
B9: =IF($D$3>2,3,"") | F9: Kode Challenges disesuaikan dengan inisial nama challenges
B10: =IF($D$3>3,4,"")
B11: =IF($D$3>4,5,"")
B12: =IF($D$3>5,6,"")
B13: =IF($D$3>6,7,"")
B14: =IF($D$3>7,8,"")
B15: =IF($D$3>8,9,"")
B16: =IF($D$3>9,10,"")
B17: =IF($D$3>10,11,"")
B18: =IF($D$3>11,12,"")
B19: =IF($D$3>12,13,"")
B20: =IF($D$3>13,14,"")
B21: =IF($D$3>14,15,"")

Sheet Kriteria&Bobot
C1: =Challanges!C1 -> Nama Kegiatan Perhitungan AHP (disesuaikan di sini)
B3: INPUT JUMLAH KRITERIA UNTUK PENENTUAN PERINGKAT | F3: <=== | G3: MINIMUM | H3: 3 | I3: Kriteria
G4: MAXIMUM | H4: 15 | I4: Kriteria
B5: No | C5: Nama Kriteria | D5: Kode Kriteria | E5: Bobot Kriteria
B6: =IF($E$3>2,1,"") | E6: =IF($E$3<1,1,"") -> 1 | G6: Note :
B7: =IF($E$3>2,2,"") | E7: =IF($E$3<2,1,"") -> 1 | G7: Input "Bobot Kriteria" minimum nilai 2 (> 1) ===> NILAI BOBOT DARI PAKAR KOMPETEN
B8: =IF($E$3>2,3,"") | E8: =IF($E$3<3,1,"") -> 1 | G8: Angka 1 (Satu) pada Cell warna Merah (kolom Bobot Kriteria) tidak boleh diubah
B9: =IF($E$3>3,4,"") | E9: =IF($E$3<4,1,"") -> 1 | G9: Ketik nama, kode, bobot kriteria pada Cell yang berwarna Biru
B10: =IF($E$3>4,5,"") | E10: =IF($E$3<5,1,"") -> 1 | G10: Ketik kode kriteria sesuai inisial kriteria
B11: =IF($E$3>5,6,"") | E11: =IF($E$3<6,1,"") -> 1
B12: =IF($E$3>6,7,"") | E12: =IF($E$3<7,1,"") -> 1
B13: =IF($E$3>7,8,"") | E13: =IF($E$3<8,1,"") -> 1
B14: =IF($E$3>8,9,"") | E14: =IF($E$3<9,1,"") -> 1
B15: =IF($E$3>9,10,"") | E15: =IF($E$3<10,1,"") -> 1
B16: =IF($E$3>10,11,"") | E16: =IF($E$3<11,1,"") -> 1
B17: =IF($E$3>11,12,"") | E17: =IF($E$3<12,1,"") -> 1
B18: =IF($E$3>12,13,"") | E18: =IF($E$3<13,1,"") -> 1
B19: =IF($E$3>13,14,"") | E19: =IF($E$3<14,1,"") -> 1
B20: =IF($E$3>14,15,"") | E20: =IF($E$3<15,1,"") -> 1

Sheet Data Kriteria
G1: DATA KRITERIA PENDUKUNG PENENTUAN PERINGKAT CHALLENGES
E2: Note : Data kriteria diisi sesuai data primer di lokasi,data sekunder dan atau keputusan pakar untuk nilai yang sesuai
B3: KRT | F3: Data kriteria diinput harus bernilai angka dan tidak boleh bernilai angka 1 (Satu) kecuali Cell warna Merah
A4: CHL | B4: ='Kriteria&Bobot'!E3 -> 0
A5: =Challanges!D3 -> 0 | C5: ='Kriteria&Bobot'!D6 -> 0 | D5: ='Kriteria&Bobot'!D7 -> 0 | E5: ='Kriteria&Bobot'!D8 -> 0 | F5: ='Eig Vec Bobot Kriteria'!F4 -> 0 | G5: ='Eig Vec Bobot Kriteria'!G4 -> 0 | H5: ='Eig Vec Bobot Kriteria'!H4 -> 0 | I5: ='Eig Vec Bobot Kriteria'!I4 -> 0 | J5: ='Eig Vec Bobot Kriteria'!J4 -> 0 | K5: ='Eig Vec Bobot Kriteria'!K4 -> 0 | L5: ='Eig Vec Bobot Kriteria'!L4 -> 0 | M5: ='Eig Vec Bobot Kriteria'!M4 -> 0 | ... Q5: ='Eig Vec Bobot Kriteria'!Q4 -> 0
B6: =Challanges!D7 -> 0 | C6: =IF(AND($A$5>2,$B$4>2),"",1) -> 1 | D6: =IF(AND($A$5>2,$B$4>2),"",1) -> 1 | E6: =IF(AND($A$5>2,$B$4>2),"",1) -> 1 | F6: =IF(AND($A$5>2,$B$4>3),"",1) -> 1 | G6: =IF(AND($A$5>2,$B$4>4),"",1) -> 1 | H6: =IF(AND($A$5>2,$B$4>5),"",1) -> 1 | I6: =IF(AND($A$5>2,$B$4>6),"",1) -> 1 | J6: =IF(AND($A$5>2,$B$4>7),"",1) -> 1 | K6: =IF(AND($A$5>2,$B$4>8),"",1) -> 1 | L6: =IF(AND($A$5>2,$B$4>9),"",1) -> 1 | M6: =IF(AND($A$5>2,$B$4>10),"",1) -> 1 | N6: =IF(AND($A$5>2,$B$4>11),"",1) -> 1 | O6: =IF(AND($A$5>2,$B$4>12),"",1) -> 1 | P6: =IF(AND($A$5>2,$B$4>13),"",1) -> 1 | Q6: =IF(AND($A$5>2,$B$4>14),"",1) -> 1
B7: =Challanges!D8 -> 0 | C7: =IF(AND($A$5>2,$B$4>2),"",1) -> 1 | D7: =IF(AND($A$5>2,$B$4>2),"",1) -> 1 | E7: =IF(AND($A$5>2,$B$4>2),"",1) -> 1 | F7: =IF(AND($A$5>2,$B$4>3),"",1) -> 1 | G7: =IF(AND($A$5>2,$B$4>4),"",1) -> 1 | H7: =IF(AND($A$5>2,$B$4>5),"",1) -> 1 | I7: =IF(AND($A$5>2,$B$4>6),"",1) -> 1 | J7: =IF(AND($A$5>2,$B$4>7),"",1) -> 1 | K7: =IF(AND($A$5>2,$B$4>8),"",1) -> 1 | L7: =IF(AND($A$5>2,$B$4>9),"",1) -> 1 | M7: =IF(AND($A$5>2,$B$4>10),"",1) -> 1 | N7: =IF(AND($A$5>2,$B$4>11),"",1) -> 1 | O7: =IF(AND($A$5>2,$B$4>12),"",1) -> 1 | P7: =IF(AND($A$5>2,$B$4>13),"",1) -> 1 | Q7: =IF(AND($A$5>2,$B$4>14),"",1) -> 1
B8: =Challanges!D9 -> 0 | C8: =IF(AND($A$5>2,$B$4>2),"",1) -> 1 | D8: =IF(AND($A$5>2,$B$4>2),"",1) -> 1 | E8: =IF(AND($A$5>2,$B$4>2),"",1) -> 1 | F8: =IF(AND($A$5>2,$B$4>3),"",1) -> 1 | G8: =IF(AND($A$5>2,$B$4>4),"",1) -> 1 | H8: =IF(AND($A$5>2,$B$4>5),"",1) -> 1 | I8: =IF(AND($A$5>2,$B$4>6),"",1) -> 1 | J8: =IF(AND($A$5>2,$B$4>7),"",1) -> 1 | K8: =IF(AND($A$5>2,$B$4>8),"",1) -> 1 | L8: =IF(AND($A$5>2,$B$4>9),"",1) -> 1 | M8: =IF(AND($A$5>2,$B$4>10),"",1) -> 1 | N8: =IF(AND($A$5>2,$B$4>11),"",1) -> 1 | O8: =IF(AND($A$5>2,$B$4>12),"",1) -> 1 | P8: =IF(AND($A$5>2,$B$4>13),"",1) -> 1 | Q8: =IF(AND($A$5>2,$B$4>14),"",1) -> 1
B9: =Challanges!D10 -> 0 | C9: =IF(AND($A$5>3,$B$4>2),"",1) -> 1 | D9: =IF(AND($A$5>3,$B$4>2),"",1) -> 1 | E9: =IF(AND($A$5>3,$B$4>2),"",1) -> 1 | F9: =IF(AND($A$5>3,$B$4>3),"",1) -> 1 | G9: =IF(AND($A$5>3,$B$4>4),"",1) -> 1 | H9: =IF(AND($A$5>3,$B$4>5),"",1) -> 1 | I9: =IF(AND($A$5>3,$B$4>6),"",1) -> 1 | J9: =IF(AND($A$5>3,$B$4>7),"",1) -> 1 | K9: =IF(AND($A$5>3,$B$4>8),"",1) -> 1 | L9: =IF(AND($A$5>3,$B$4>9),"",1) -> 1 | M9: =IF(AND($A$5>3,$B$4>10),"",1) -> 1 | N9: =IF(AND($A$5>3,$B$4>11),"",1) -> 1 | O9: =IF(AND($A$5>3,$B$4>12),"",1) -> 1 | P9: =IF(AND($A$5>3,$B$4>13),"",1) -> 1 | Q9: =IF(AND($A$5>3,$B$4>14),"",1) -> 1
B10: =Challanges!D11 -> 0 | C10: =IF(AND($A$5>4,$B$4>2),"",1) -> 1 | D10: =IF(AND($A$5>4,$B$4>2),"",1) -> 1 | E10: =IF(AND($A$5>4,$B$4>2),"",1) -> 1 | F10: =IF(AND($A$5>4,$B$4>3),"",1) -> 1 | G10: =IF(AND($A$5>4,$B$4>4),"",1) -> 1 | H10: =IF(AND($A$5>4,$B$4>5),"",1) -> 1 | I10: =IF(AND($A$5>4,$B$4>6),"",1) -> 1 | J10: =IF(AND($A$5>4,$B$4>7),"",1) -> 1 | K10: =IF(AND($A$5>4,$B$4>8),"",1) -> 1 | L10: =IF(AND($A$5>4,$B$4>9),"",1) -> 1 | M10: =IF(AND($A$5>4,$B$4>10),"",1) -> 1 | N10: =IF(AND($A$5>4,$B$4>11),"",1) -> 1 | O10: =IF(AND($A$5>4,$B$4>12),"",1) -> 1 | P10: =IF(AND($A$5>4,$B$4>13),"",1) -> 1 | Q10: =IF(AND($A$5>4,$B$4>14),"",1) -> 1
B11: =Challanges!D12 -> 0 | C11: =IF(AND($A$5>5,$B$4>2),"",1) -> 1 | D11: =IF(AND($A$5>5,$B$4>2),"",1) -> 1 | E11: =IF(AND($A$5>5,$B$4>2),"",1) -> 1 | F11: =IF(AND($A$5>5,$B$4>3),"",1) -> 1 | G11: =IF(AND($A$5>5,$B$4>4),"",1) -> 1 | H11: =IF(AND($A$5>4,$B$4>5),"",1) -> 1 | I11: =IF(AND($A$5>5,$B$4>6),"",1) -> 1 | J11: =IF(AND($A$5>5,$B$4>7),"",1) -> 1 | K11: =IF(AND($A$5>5,$B$4>8),"",1) -> 1 | L11: =IF(AND($A$5>5,$B$4>9),"",1) -> 1 | M11: =IF(AND($A$5>5,$B$4>10),"",1) -> 1 | N11: =IF(AND($A$5>5,$B$4>11),"",1) -> 1 | O11: =IF(AND($A$5>5,$B$4>12),"",1) -> 1 | P11: =IF(AND($A$5>5,$B$4>13),"",1) -> 1 | Q11: =IF(AND($A$5>5,$B$4>14),"",1) -> 1
B12: =Challanges!D13 -> 0 | C12: =IF(AND($A$5>6,$B$4>2),"",1) -> 1 | D12: =IF(AND($A$5>6,$B$4>2),"",1) -> 1 | E12: =IF(AND($A$5>6,$B$4>2),"",1) -> 1 | F12: =IF(AND($A$5>6,$B$4>3),"",1) -> 1 | G12: =IF(AND($A$5>6,$B$4>4),"",1) -> 1 | H12: =IF(AND($A$5>6,$B$4>5),"",1) -> 1 | I12: =IF(AND($A$5>6,$B$4>6),"",1) -> 1 | J12: =IF(AND($A$5>6,$B$4>7),"",1) -> 1 | K12: =IF(AND($A$5>6,$B$4>8),"",1) -> 1 | L12: =IF(AND($A$5>6,$B$4>9),"",1) -> 1 | M12: =IF(AND($A$5>6,$B$4>10),"",1) -> 1 | N12: =IF(AND($A$5>6,$B$4>11),"",1) -> 1 | O12: =IF(AND($A$5>6,$B$4>12),"",1) -> 1 | P12: =IF(AND($A$5>6,$B$4>13),"",1) -> 1 | Q12: =IF(AND($A$5>6,$B$4>14),"",1) -> 1
B13: =Challanges!D14 -> 0 | C13: =IF(AND($A$5>7,$B$4>2),"",1) -> 1 | D13: =IF(AND($A$5>7,$B$4>2),"",1) -> 1 | E13: =IF(AND($A$5>7,$B$4>2),"",1) -> 1 | F13: =IF(AND($A$5>7,$B$4>3),"",1) -> 1 | G13: =IF(AND($A$5>7,$B$4>4),"",1) -> 1 | H13: =IF(AND($A$5>7,$B$4>5),"",1) -> 1 | I13: =IF(AND($A$5>7,$B$4>6),"",1) -> 1 | J13: =IF(AND($A$5>7,$B$4>7),"",1) -> 1 | K13: =IF(AND($A$5>7,$B$4>8),"",1) -> 1 | L13: =IF(AND($A$5>7,$B$4>9),"",1) -> 1 | M13: =IF(AND($A$5>7,$B$4>10),"",1) -> 1 | N13: =IF(AND($A$5>7,$B$4>11),"",1) -> 1 | O13: =IF(AND($A$5>7,$B$4>12),"",1) -> 1 | P13: =IF(AND($A$5>7,$B$4>13),"",1) -> 1 | Q13: =IF(AND($A$5>7,$B$4>14),"",1) -> 1
B14: =Challanges!D15 -> 0 | C14: =IF(AND($A$5>8,$B$4>2),"",1) -> 1 | D14: =IF(AND($A$5>8,$B$4>2),"",1) -> 1 | E14: =IF(AND($A$5>8,$B$4>2),"",1) -> 1 | F14: =IF(AND($A$5>8,$B$4>3),"",1) -> 1 | G14: =IF(AND($A$5>8,$B$4>4),"",1) -> 1 | H14: =IF(AND($A$5>8,$B$4>5),"",1) -> 1 | I14: =IF(AND($A$5>8,$B$4>6),"",1) -> 1 | J14: =IF(AND($A$5>8,$B$4>7),"",1) -> 1 | K14: =IF(AND($A$5>8,$B$4>8),"",1) -> 1 | L14: =IF(AND($A$5>8,$B$4>9),"",1) -> 1 | M14: =IF(AND($A$5>8,$B$4>10),"",1) -> 1 | N14: =IF(AND($A$5>8,$B$4>11),"",1) -> 1 | O14: =IF(AND($A$5>8,$B$4>12),"",1) -> 1 | P14: =IF(AND($A$5>8,$B$4>13),"",1) -> 1 | Q14: =IF(AND($A$5>8,$B$4>14),"",1) -> 1
B15: =Challanges!D16 -> 0 | C15: =IF(AND($A$5>9,$B$4>2),"",1) -> 1 | D15: =IF(AND($A$5>9,$B$4>2),"",1) -> 1 | E15: =IF(AND($A$5>9,$B$4>2),"",1) -> 1 | F15: =IF(AND($A$5>9,$B$4>3),"",1) -> 1 | G15: =IF(AND($A$5>9,$B$4>4),"",1) -> 1 | H15: =IF(AND($A$5>9,$B$4>5),"",1) -> 1 | I15: =IF(AND($A$5>9,$B$4>6),"",1) -> 1 | J15: =IF(AND($A$5>9,$B$4>7),"",1) -> 1 | K15: =IF(AND($A$5>9,$B$4>8),"",1) -> 1 | L15: =IF(AND($A$5>9,$B$4>9),"",1) -> 1 | M15: =IF(AND($A$5>9,$B$4>10),"",1) -> 1 | N15: =IF(AND($A$5>9,$B$4>11),"",1) -> 1 | O15: =IF(AND($A$5>9,$B$4>12),"",1) -> 1 | P15: =IF(AND($A$5>9,$B$4>13),"",1) -> 1 | Q15: =IF(AND($A$5>9,$B$4>14),"",1) -> 1
B16: =Challanges!D17 -> 0 | C16: =IF(AND($A$5>10,$B$4>2),"",1) -> 1 | D16: =IF(AND($A$5>10,$B$4>2),"",1) -> 1 | E16: =IF(AND($A$5>10,$B$4>2),"",1) -> 1 | F16: =IF(AND($A$5>10,$B$4>3),"",1) -> 1 | G16: =IF(AND($A$5>10,$B$4>4),"",1) -> 1 | H16: =IF(AND($A$5>10,$B$4>5),"",1) -> 1 | I16: =IF(AND($A$5>10,$B$4>6),"",1) -> 1 | J16: =IF(AND($A$5>10,$B$4>7),"",1) -> 1 | K16: =IF(AND($A$5>10,$B$4>8),"",1) -> 1 | L16: =IF(AND($A$5>10,$B$4>9),"",1) -> 1 | M16: =IF(AND($A$5>10,$B$4>10),"",1) -> 1 | N16: =IF(AND($A$5>10,$B$4>11),"",1) -> 1 | O16: =IF(AND($A$5>10,$B$4>12),"",1) -> 1 | P16: =IF(AND($A$5>10,$B$4>13),"",1) -> 1 | Q16: =IF(AND($A$5>10,$B$4>14),"",1) -> 1
B17: =Challanges!D18 -> 0 | C17: =IF(AND($A$5>11,$B$4>2),"",1) -> 1 | D17: =IF(AND($A$5>11,$B$4>2),"",1) -> 1 | E17: =IF(AND($A$5>11,$B$4>2),"",1) -> 1 | F17: =IF(AND($A$5>11,$B$4>3),"",1) -> 1 | G17: =IF(AND($A$5>11,$B$4>4),"",1) -> 1 | H17: =IF(AND($A$5>11,$B$4>5),"",1) -> 1 | I17: =IF(AND($A$5>11,$B$4>6),"",1) -> 1 | J17: =IF(AND($A$5>11,$B$4>7),"",1) -> 1 | K17: =IF(AND($A$5>11,$B$4>8),"",1) -> 1 | L17: =IF(AND($A$5>11,$B$4>9),"",1) -> 1 | M17: =IF(AND($A$5>11,$B$4>10),"",1) -> 1 | N17: =IF(AND($A$5>11,$B$4>11),"",1) -> 1 | O17: =IF(AND($A$5>11,$B$4>12),"",1) -> 1 | P17: =IF(AND($A$5>11,$B$4>13),"",1) -> 1 | Q17: =IF(AND($A$5>11,$B$4>14),"",1) -> 1
B18: =Challanges!D19 -> 0 | C18: =IF(AND($A$5>12,$B$4>2),"",1) -> 1 | D18: =IF(AND($A$5>12,$B$4>2),"",1) -> 1 | E18: =IF(AND($A$5>12,$B$4>2),"",1) -> 1 | F18: =IF(AND($A$5>12,$B$4>3),"",1) -> 1 | G18: =IF(AND($A$5>12,$B$4>4),"",1) -> 1 | H18: =IF(AND($A$5>12,$B$4>5),"",1) -> 1 | I18: =IF(AND($A$5>12,$B$4>6),"",1) -> 1 | J18: =IF(AND($A$5>12,$B$4>7),"",1) -> 1 | K18: =IF(AND($A$5>12,$B$4>8),"",1) -> 1 | L18: =IF(AND($A$5>12,$B$4>9),"",1) -> 1 | M18: =IF(AND($A$5>12,$B$4>10),"",1) -> 1 | N18: =IF(AND($A$5>12,$B$4>11),"",1) -> 1 | O18: =IF(AND($A$5>12,$B$4>12),"",1) -> 1 | P18: =IF(AND($A$5>12,$B$4>13),"",1) -> 1 | Q18: =IF(AND($A$5>12,$B$4>14),"",1) -> 1
B19: =Challanges!D20 -> 0 | C19: =IF(AND($A$5>13,$B$4>2),"",1) -> 1 | D19: =IF(AND($A$5>13,$B$4>2),"",1) -> 1 | E19: =IF(AND($A$5>13,$B$4>2),"",1) -> 1 | F19: =IF(AND($A$5>13,$B$4>3),"",1) -> 1 | G19: =IF(AND($A$5>13,$B$4>4),"",1) -> 1 | H19: =IF(AND($A$5>13,$B$4>5),"",1) -> 1 | I19: =IF(AND($A$5>13,$B$4>6),"",1) -> 1 | J19: =IF(AND($A$5>13,$B$4>7),"",1) -> 1 | K19: =IF(AND($A$5>13,$B$4>8),"",1) -> 1 | L19: =IF(AND($A$5>13,$B$4>9),"",1) -> 1 | M19: =IF(AND($A$5>13,$B$4>10),"",1) -> 1 | N19: =IF(AND($A$5>13,$B$4>11),"",1) -> 1 | O19: =IF(AND($A$5>13,$B$4>12),"",1) -> 1 | P19: =IF(AND($A$5>13,$B$4>13),"",1) -> 1 | Q19: =IF(AND($A$5>13,$B$4>14),"",1) -> 1
B20: =Challanges!D21 -> 0 | C20: =IF(AND($A$5>14,$B$4>2),"",1) -> 1 | D20: =IF(AND($A$5>14,$B$4>2),"",1) -> 1 | E20: =IF(AND($A$5>14,$B$4>2),"",1) -> 1 | F20: =IF(AND($A$5>14,$B$4>3),"",1) -> 1 | G20: =IF(AND($A$5>14,$B$4>4),"",1) -> 1 | H20: =IF(AND($A$5>14,$B$4>5),"",1) -> 1 | I20: =IF(AND($A$5>14,$B$4>6),"",1) -> 1 | J20: =IF(AND($A$5>14,$B$4>7),"",1) -> 1 | K20: =IF(AND($A$5>14,$B$4>8),"",1) -> 1 | L20: =IF(AND($A$5>14,$B$4>9),"",1) -> 1 | M20: =IF(AND($A$5>14,$B$4>10),"",1) -> 1 | N20: =IF(AND($A$5>14,$B$4>11),"",1) -> 1 | O20: =IF(AND($A$5>14,$B$4>12),"",1) -> 1 | P20: =IF(AND($A$5>14,$B$4>13),"",1) -> 1 | Q20: =IF(AND($A$5>14,$B$4>14),"",1) -> 1

Sheet Eig Vec Bobot Kriteria
B1: MATRIK BOBOT KRITERIA
C3: {=TRANSPOSE('Kriteria&Bobot'!E6:E20)} -> 1 | D3: 1 | E3: 1 | F3: 1 | G3: 1 | H3: 1 | I3: 1 | J3: 1 | K3: 1 | L3: 1 | M3: 1 | N3: 1 | O3: 1 | P3: 1 | Q3: 1
B4: ### | C4: {=TRANSPOSE('Kriteria&Bobot'!D6:D20)} -> 0 | D4: 0 | E4: 0 | F4: 0 | G4: 0 | H4: 0 | I4: 0 | J4: 0 | K4: 0 | L4: 0 | M4: 0 | N4: 0 | O4: 0 | P4: 0 | Q4: 0 | R4: nth root | S4: Eigenvector | T4: Eigenvelue
A5: ='Kriteria&Bobot'!E6 -> 1 | B5: ='Kriteria&Bobot'!D6 -> 0 | C5: =IF(OR(C3=1,$A$5=1),1,$A$5/C3) -> 1 | D5: =IF(OR(D3=1,$A$5=1),1,$A$5/D3) -> 1 | E5: =IF(OR(E3=1,$A$5=1),1,$A$5/E3) -> 1 | F5: =IF(OR(F3=1,$A$5=1),1,$A$5/F3) -> 1 | G5: =IF(OR(G3=1,$A$5=1),1,$A$5/G3) -> 1 | H5: =IF(OR(H3=1,$A$5=1),1,$A$5/H3) -> 1 | I5: =IF(OR(I3=1,$A$5=1),1,$A$5/I3) -> 1 | J5: =IF(OR(J3=1,$A$5=1),1,$A$5/J3) -> 1 | ... Q5: =IF(OR(Q3=1,$A$5=1),1,$A$5/Q3) -> 1 | R5: =IF(A5=1,0,(C5*D5*E5*F5*G5*H5*I5*J5*K5*L5*M5*N5*O5*P5*Q5)^(1/'Kriteria&Bobot'!$E$3)) -> 0 | S5: =R5/$R$20 -> #DIV/0! | T5: =IF(A5=1,0,(C5*$S$5+D5*$S$6+E5*$S$7+F5*$S$8+G5*$S$9+H5*$S$10+I5*$S$11+J5*$S$12+K5*$S$13+L5*$S$14+M5*$S$15+N5*$S$16+O5*$S$17+P5*$S$18+Q5*$S$19)/S5) -> 0
A6: ='Kriteria&Bobot'!E7 -> 1 | B6: ='Kriteria&Bobot'!D7 -> 0 | C6: =IF(OR(C3=1,$A$6=1),1,$A$6/C3) -> 1 | D6: =IF(OR(D3=1,$A$6=1),1,$A$6/D3) -> 1 | E6: =IF(OR(E3=1,$A$6=1),1,$A$6/E3) -> 1 | F6: =IF(OR(F3=1,$A$6=1),1,$A$6/F3) -> 1 | G6: =IF(OR(G3=1,$A$6=1),1,$A$6/G3) -> 1 | H6: =IF(OR(H3=1,$A$6=1),1,$A$6/H3) -> 1 | I6: =IF(OR(I3=1,$A$6=1),1,$A$6/I3) -> 1 | J6: =IF(OR(J3=1,$A$6=1),1,$A$6/J3) -> 1 | ... Q6: =IF(OR(Q3=1,$A$6=1),1,$A$6/Q3) -> 1 | R6: =IF(A6=1,0,(C6*D6*E6*F6*G6*H6*I6*J6*K6*L6*M6*N6*O6*P6*Q6)^(1/'Kriteria&Bobot'!$E$3)) -> 0 | S6: =R6/$R$20 -> #DIV/0! | T6: =IF(A6=1,0,(C6*$S$5+D6*$S$6+E6*$S$7+F6*$S$8+G6*$S$9+H6*$S$10+I6*$S$11+J6*$S$12+K6*$S$13+L6*$S$14+M6*$S$15+N6*$S$16+O6*$S$17+P6*$S$18+Q6*$S$19)/S6) -> 0
A7: ='Kriteria&Bobot'!E8 -> 1 | B7: ='Kriteria&Bobot'!D8 -> 0 | C7: =IF(OR(C3=1,$A$7=1),1,$A$7/C3) -> 1 | D7: =IF(OR(D3=1,$A$7=1),1,$A$7/D3) -> 1 | E7: =IF(OR(E3=1,$A$7=1),1,$A$7/E3) -> 1 | F7: =IF(OR(F3=1,$A$7=1),1,$A$7/F3) -> 1 | G7: =IF(OR(G3=1,$A$7=1),1,$A$7/G3) -> 1 | H7: =IF(OR(H3=1,$A$7=1),1,$A$7/H3) -> 1 | I7: =IF(OR(I3=1,$A$7=1),1,$A$7/I3) -> 1 | J7: =IF(OR(J3=1,$A$7=1),1,$A$7/J3) -> 1 | ... Q7: =IF(OR(Q3=1,$A$7=1),1,$A$7/Q3) -> 1 | R7: =IF(A7=1,0,(C7*D7*E7*F7*G7*H7*I7*J7*K7*L7*M7*N7*O7*P7*Q7)^(1/'Kriteria&Bobot'!$E$3)) -> 0 | S7: =R7/$R$20 -> #DIV/0! | T7: =IF(A7=1,0,(C7*$S$5+D7*$S$6+E7*$S$7+F7*$S$8+G7*$S$9+H7*$S$10+I7*$S$11+J7*$S$12+K7*$S$13+L7*$S$14+M7*$S$15+N7*$S$16+O7*$S$17+P7*$S$18+Q7*$S$19)/S7) -> 0
A8: ='Kriteria&Bobot'!E9 -> 1 | B8: ='Kriteria&Bobot'!D9 -> 0 | C8: =IF(OR(C3=1,$A$8=1),1,$A$8/C3) -> 1 | D8: =IF(OR(D3=1,$A$8=1),1,$A$8/D3) -> 1 | E8: =IF(OR(E3=1,$A$8=1),1,$A$8/E3) -> 1 | F8: =IF(OR(F3=1,$A$8=1),1,$A$8/F3) -> 1 | G8: =IF(OR(G3=1,$A$8=1),1,$A$8/G3) -> 1 | H8: =IF(OR(H3=1,$A$8=1),1,$A$8/H3) -> 1 | I8: =IF(OR(I3=1,$A$8=1),1,$A$8/I3) -> 1 | J8: =IF(OR(J3=1,$A$8=1),1,$A$8/J3) -> 1 | ... Q8: =IF(OR(Q3=1,$A$8=1),1,$A$8/Q3) -> 1 | R8: =IF(A8=1,0,(C8*D8*E8*F8*G8*H8*I8*J8*K8*L8*M8*N8*O8*P8*Q8)^(1/'Kriteria&Bobot'!$E$3)) -> 0 | S8: =R8/$R$20 -> #DIV/0! | T8: =IF(A8=1,0,(C8*$S$5+D8*$S$6+E8*$S$7+F8*$S$8+G8*$S$9+H8*$S$10+I8*$S$11+J8*$S$12+K8*$S$13+L8*$S$14+M8*$S$15+N8*$S$16+O8*$S$17+P8*$S$18+Q8*$S$19)/S8) -> 0
A9: ='Kriteria&Bobot'!E10 -> 1 | B9: ='Kriteria&Bobot'!D10 -> 0 | C9: =IF(OR(C3=1,$A$9=1),1,$A$9/C3) -> 1 | D9: =IF(OR(D3=1,$A$9=1),1,$A$9/D3) -> 1 | E9: =IF(OR(E3=1,$A$9=1),1,$A$9/E3) -> 1 | F9: =IF(OR(F3=1,$A$9=1),1,$A$9/F3) -> 1 | G9: =IF(OR(G3=1,$A$9=1),1,$A$9/G3) -> 1 | H9: =IF(OR(H3=1,$A$9=1),1,$A$9/H3) -> 1 | I9: =IF(OR(I3=1,$A$9=1),1,$A$9/I3) -> 1 | J9: =IF(OR(J3=1,$A$9=1),1,$A$9/J3) -> 1 | ... Q9: =IF(OR(Q3=1,$A$9=1),1,$A$9/Q3) -> 1 | R9: =IF(A9=1,0,(C9*D9*E9*F9*G9*H9*I9*J9*K9*L9*M9*N9*O9*P9*Q9)^(1/'Kriteria&Bobot'!$E$3)) -> 0 | S9: =R9/$R$20 -> #DIV/0! | T9: =IF(A9=1,0,(C9*$S$5+D9*$S$6+E9*$S$7+F9*$S$8+G9*$S$9+H9*$S$10+I9*$S$11+J9*$S$12+K9*$S$13+L9*$S$14+M9*$S$15+N9*$S$16+O9*$S$17+P9*$S$18+Q9*$S$19)/S9) -> 0
A10: ='Kriteria&Bobot'!E11 -> 1 | B10: ='Kriteria&Bobot'!D11 -> 0 | C10: =IF(OR(C3=1,$A$10=1),1,$A$10/C3) -> 1 | D10: =IF(OR(D3=1,$A$10=1),1,$A$10/D3) -> 1 | E10: =IF(OR(E3=1,$A$10=1),1,$A$10/E3) -> 1 | F10: =IF(OR(F3=1,$A$10=1),1,$A$10/F3) -> 1 | G10: =IF(OR(G3=1,$A$10=1),1,$A$10/G3) -> 1 | H10: =IF(OR(H3=1,$A$10=1),1,$A$10/H3) -> 1 | I10: =IF(OR(I3=1,$A$10=1),1,$A$10/I3) -> 1 | J10: =IF(OR(J3=1,$A$10=1),1,$A$10/J3) -> 1 | ... Q10: =IF(OR(Q3=1,$A$10=1),1,$A$10/Q3) -> 1 | R10: =IF(A10=1,0,(C10*D10*E10*F10*G10*H10*I10*J10*K10*L10*M10*N10*O10*P10*Q10)^(1/'Kriteria&Bobot'!$E$3)) -> 0 | S10: =R10/$R$20 -> #DIV/0! | T10: =IF(A10=1,0,(C10*$S$5+D10*$S$6+E10*$S$7+F10*$S$8+G10*$S$9+H10*$S$10+I10*$S$11+J10*$S$12+K10*$S$13+L10*$S$14+M10*$S$15+N10*$S$16+O10*$S$17+P10*$S$18+Q10*$S$19)/S10) -> 0
A11: ='Kriteria&Bobot'!E12 -> 1 | B11: ='Kriteria&Bobot'!D12 -> 0 | C11: =IF(OR(C3=1,$A$11=1),1,$A$11/C3) -> 1 | D11: =IF(OR(D3=1,$A$11=1),1,$A$11/D3) -> 1 | E11: =IF(OR(E3=1,$A$11=1),1,$A$11/E3) -> 1 | F11: =IF(OR(F3=1,$A$11=1),1,$A$11/F3) -> 1 | G11: =IF(OR(G3=1,$A$11=1),1,$A$11/G3) -> 1 | H11: =IF(OR(H3=1,$A$11=1),1,$A$11/H3) -> 1 | I11: =IF(OR(I3=1,$A$11=1),1,$A$11/I3) -> 1 | J11: =IF(OR(J3=1,$A$11=1),1,$A$11/J3) -> 1 | ... Q11: =IF(OR(Q3=1,$A$11=1),1,$A$11/Q3) -> 1 | R11: =IF(A11=1,0,(C11*D11*E11*F11*G11*H11*I11*J11*K11*L11*M11*N11*O11*P11*Q11)^(1/'Kriteria&Bobot'!$E$3)) -> 0 | S11: =R11/$R$20 -> #DIV/0! | T11: =IF(A11=1,0,(C11*$S$5+D11*$S$6+E11*$S$7+F11*$S$8+G11*$S$9+H11*$S$10+I11*$S$11+J11*$S$12+K11*$S$13+L11*$S$14+M11*$S$15+N11*$S$16+O11*$S$17+P11*$S$18+Q11*$S$19)/S11) -> 0
A12: ='Kriteria&Bobot'!E13 -> 1 | B12: ='Kriteria&Bobot'!D13 -> 0 | C12: =IF(OR(C3=1,$A$12=1),1,$A$12/C3) -> 1 | D12: =IF(OR(D3=1,$A$12=1),1,$A$12/D3) -> 1 | E12: =IF(OR(E3=1,$A$12=1),1,$A$12/E3) -> 1 | F12: =IF(OR(F3=1,$A$12=1),1,$A$12/F3) -> 1 | G12: =IF(OR(G3=1,$A$12=1),1,$A$12/G3) -> 1 | H12: =IF(OR(H3=1,$A$12=1),1,$A$12/H3) -> 1 | I12: =IF(OR(I3=1,$A$12=1),1,$A$12/I3) -> 1 | J12: =IF(OR(J3=1,$A$12=1),1,$A$12/J3) -> 1 | ... Q12: =IF(OR(Q3=1,$A$12=1),1,$A$12/Q3) -> 1 | R12: =IF(A12=1,0,(C12*D12*E12*F12*G12*H12*I12*J12*K12*L12*M12*N12*O12*P12*Q12)^(1/'Kriteria&Bobot'!$E$3)) -> 0 | S12: =R12/$R$20 -> #DIV/0! | T12: =IF(A12=1,0,(C12*$S$5+D12*$S$6+E12*$S$7+F12*$S$8+G12*$S$9+H12*$S$10+I12*$S$11+J12*$S$12+K12*$S$13+L12*$S$14+M12*$S$15+N12*$S$16+O12*$S$17+P12*$S$18+Q12*$S$19)/S12) -> 0
A13: ='Kriteria&Bobot'!E14 -> 1 | B13: ='Kriteria&Bobot'!D14 -> 0 | C13: =IF(OR(C3=1,$A$13=1),1,$A$13/C3) -> 1 | D13: =IF(OR(D3=1,$A$13=1),1,$A$13/D3) -> 1 | E13: =IF(OR(E3=1,$A$13=1),1,$A$13/E3) -> 1 | F13: =IF(OR(F3=1,$A$13=1),1,$A$13/F3) -> 1 | G13: =IF(OR(G3=1,$A$13=1),1,$A$13/G3) -> 1 | H13: =IF(OR(H3=1,$A$13=1),1,$A$13/H3) -> 1 | I13: =IF(OR(I3=1,$A$13=1),1,$A$13/I3) -> 1 | J13: =IF(OR(J3=1,$A$13=1),1,$A$13/J3) -> 1 | ... Q13: =IF(OR(Q3=1,$A$13=1),1,$A$13/Q3) -> 1 | R13: =IF(A13=1,0,(C13*D13*E13*F13*G13*H13*I13*J13*K13*L13*M13*N13*O13*P13*Q13)^(1/'Kriteria&Bobot'!$E$3)) -> 0 | S13: =R13/$R$20 -> #DIV/0! | T13: =IF(A13=1,0,(C13*$S$5+D13*$S$6+E13*$S$7+F13*$S$8+G13*$S$9+H13*$S$10+I13*$S$11+J13*$S$12+K13*$S$13+L13*$S$14+M13*$S$15+N13*$S$16+O13*$S$17+P13*$S$18+Q13*$S$19)/S13) -> 0
A14: ='Kriteria&Bobot'!E15 -> 1 | B14: ='Kriteria&Bobot'!D15 -> 0 | C14: =IF(OR(C3=1,$A$14=1),1,$A$14/C3) -> 1 | D14: =IF(OR(D3=1,$A$14=1),1,$A$14/D3) -> 1 | E14: =IF(OR(E3=1,$A$14=1),1,$A$14/E3) -> 1 | F14: =IF(OR(F3=1,$A$14=1),1,$A$14/F3) -> 1 | G14: =IF(OR(G3=1,$A$14=1),1,$A$14/G3) -> 1 | H14: =IF(OR(H3=1,$A$14=1),1,$A$14/H3) -> 1 | I14: =IF(OR(I3=1,$A$14=1),1,$A$14/I3) -> 1 | J14: =IF(OR(J3=1,$A$14=1),1,$A$14/J3) -> 1 | ... Q14: =IF(OR(Q3=1,$A$14=1),1,$A$14/Q3) -> 1 | R14: =IF(A14=1,0,(C14*D14*E14*F14*G14*H14*I14*J14*K14*L14*M14*N14*O14*P14*Q14)^(1/'Kriteria&Bobot'!$E$3)) -> 0 | S14: =R14/$R$20 -> #DIV/0! | T14: =IF(A14=1,0,(C14*$S$5+D14*$S$6+E14*$S$7+F14*$S$8+G14*$S$9+H14*$S$10+I14*$S$11+J14*$S$12+K14*$S$13+L14*$S$14+M14*$S$15+N14*$S$16+O14*$S$17+P14*$S$18+Q14*$S$19)/S14) -> 0
A15: ='Kriteria&Bobot'!E16 -> 1 | B15: ='Kriteria&Bobot'!D16 -> 0 | C15: =IF(OR(C3=1,$A$15=1),1,$A$15/C3) -> 1 | D15: =IF(OR(D3=1,$A$15=1),1,$A$15/D3) -> 1 | E15: =IF(OR(E3=1,$A$15=1),1,$A$15/E3) -> 1 | F15: =IF(OR(F3=1,$A$15=1),1,$A$15/F3) -> 1 | G15: =IF(OR(G3=1,$A$15=1),1,$A$15/G3) -> 1 | H15: =IF(OR(H3=1,$A$15=1),1,$A$15/H3) -> 1 | I15: =IF(OR(I3=1,$A$15=1),1,$A$15/I3) -> 1 | J15: =IF(OR(J3=1,$A$15=1),1,$A$15/J3) -> 1 | ... Q15: =IF(OR(Q3=1,$A$15=1),1,$A$15/Q3) -> 1 | R15: =IF(A15=1,0,(C15*D15*E15*F15*G15*H15*I15*J15*K15*L15*M15*N15*O15*P15*Q15)^(1/'Kriteria&Bobot'!$E$3)) -> 0 | S15: =R15/$R$20 -> #DIV/0! | T15: =IF(A15=1,0,(C15*$S$5+D15*$S$6+E15*$S$7+F15*$S$8+G15*$S$9+H15*$S$10+I15*$S$11+J15*$S$12+K15*$S$13+L15*$S$14+M15*$S$15+N15*$S$16+O15*$S$17+P15*$S$18+Q15*$S$19)/S15) -> 0
A16: ='Kriteria&Bobot'!E17 -> 1 | B16: ='Kriteria&Bobot'!D17 -> 0 | C16: =IF(OR(C3=1,$A$16=1),1,$A$16/C3) -> 1 | D16: =IF(OR(D3=1,$A$16=1),1,$A$16/D3) -> 1 | E16: =IF(OR(E3=1,$A$16=1),1,$A$16/E3) -> 1 | F16: =IF(OR(F3=1,$A$16=1),1,$A$16/F3) -> 1 | G16: =IF(OR(G3=1,$A$16=1),1,$A$16/G3) -> 1 | H16: =IF(OR(H3=1,$A$16=1),1,$A$16/H3) -> 1 | I16: =IF(OR(I3=1,$A$16=1),1,$A$16/I3) -> 1 | J16: =IF(OR(J3=1,$A$16=1),1,$A$16/J3) -> 1 | ... Q16: =IF(OR(Q3=1,$A$16=1),1,$A$16/Q3) -> 1 | R16: =IF(A16=1,0,(C16*D16*E16*F16*G16*H16*I16*J16*K16*L16*M16*N16*O16*P16*Q16)^(1/'Kriteria&Bobot'!$E$3)) -> 0 | S16: =R16/$R$20 -> #DIV/0! | T16: =IF(A16=1,0,(C16*$S$5+D16*$S$6+E16*$S$7+F16*$S$8+G16*$S$9+H16*$S$10+I16*$S$11+J16*$S$12+K16*$S$13+L16*$S$14+M16*$S$15+N16*$S$16+O16*$S$17+P16*$S$18+Q16*$S$19)/S16) -> 0
A17: ='Kriteria&Bobot'!E18 -> 1 | B17: ='Kriteria&Bobot'!D18 -> 0 | C17: =IF(OR(C3=1,$A$17=1),1,$A$17/C3) -> 1 | D17: =IF(OR(D3=1,$A$17=1),1,$A$17/D3) -> 1 | E17: =IF(OR(E3=1,$A$17=1),1,$A$17/E3) -> 1 | F17: =IF(OR(F3=1,$A$17=1),1,$A$17/F3) -> 1 | G17: =IF(OR(G3=1,$A$17=1),1,$A$17/G3) -> 1 | H17: =IF(OR(H3=1,$A$17=1),1,$A$17/H3) -> 1 | I17: =IF(OR(I3=1,$A$17=1),1,$A$17/I3) -> 1 | J17: =IF(OR(J3=1,$A$17=1),1,$A$17/J3) -> 1 | ... Q17: =IF(OR(Q3=1,$A$17=1),1,$A$17/Q3) -> 1 | R17: =IF(A17=1,0,(C17*D17*E17*F17*G17*H17*I17*J17*K17*L17*M17*N17*O17*P17*Q17)^(1/'Kriteria&Bobot'!$E$3)) -> 0 | S17: =R17/$R$20 -> #DIV/0! | T17: =IF(A17=1,0,(C17*$S$5+D17*$S$6+E17*$S$7+F17*$S$8+G17*$S$9+H17*$S$10+I17*$S$11+J17*$S$12+K17*$S$13+L17*$S$14+M17*$S$15+N17*$S$16+O17*$S$17+P17*$S$18+Q17*$S$19)/S17) -> 0
A18: ='Kriteria&Bobot'!E19 -> 1 | B18: ='Kriteria&Bobot'!D19 -> 0 | C18: =IF(OR(C3=1,$A$18=1),1,$A$18/C3) -> 1 | D18: =IF(OR(D3=1,$A$18=1),1,$A$18/D3) -> 1 | E18: =IF(OR(E3=1,$A$18=1),1,$A$18/E3) -> 1 | F18: =IF(OR(F3=1,$A$18=1),1,$A$18/F3) -> 1 | G18: =IF(OR(G3=1,$A$18=1),1,$A$18/G3) -> 1 | H18: =IF(OR(H3=1,$A$18=1),1,$A$18/H3) -> 1 | I18: =IF(OR(I3=1,$A$18=1),1,$A$18/I3) -> 1 | J18: =IF(OR(J3=1,$A$18=1),1,$A$18/J3) -> 1 | ... Q18: =IF(OR(Q3=1,$A$18=1),1,$A$18/Q3) -> 1 | R18: =IF(A18=1,0,(C18*D18*E18*F18*G18*H18*I18*J18*K18*L18*M18*N18*O18*P18*Q18)^(1/'Kriteria&Bobot'!$E$3)) -> 0 | S18: =R18/$R$20 -> #DIV/0! | T18: =IF(A18=1,0,(C18*$S$5+D18*$S$6+E18*$S$7+F18*$S$8+G18*$S$9+H18*$S$10+I18*$S$11+J18*$S$12+K18*$S$13+L18*$S$14+M18*$S$15+N18*$S$16+O18*$S$17+P18*$S$18+Q18*$S$19)/S18) -> 0
A19: ='Kriteria&Bobot'!E20 -> 1 | B19: ='Kriteria&Bobot'!D20 -> 0 | C19: =IF(OR(C3=1,$A$19=1),1,$A$19/C3) -> 1 | D19: =IF(OR(D3=1,$A$19=1),1,$A$19/D3) -> 1 | E19: =IF(OR(E3=1,$A$19=1),1,$A$19/E3) -> 1 | F19: =IF(OR(F3=1,$A$19=1),1,$A$19/F3) -> 1 | G19: =IF(OR(G3=1,$A$19=1),1,$A$19/G3) -> 1 | H19: =IF(OR(H3=1,$A$19=1),1,$A$19/H3) -> 1 | I19: =IF(OR(I3=1,$A$19=1),1,$A$19/I3) -> 1 | J19: =IF(OR(J3=1,$A$19=1),1,$A$19/J3) -> 1 | ... Q19: =IF(OR(Q3=1,$A$19=1),1,$A$19/Q3) -> 1 | R19: =IF(A19=1,0,(C19*D19*E19*F19*G19*H19*I19*J19*K19*L19*M19*N19*O19*P19*Q19)^(1/'Kriteria&Bobot'!$E$3)) -> 0 | S19: =R19/$R$20 -> #DIV/0! | T19: =IF(A19=1,0,(C19*$S$5+D19*$S$6+E19*$S$7+F19*$S$8+G19*$S$9+H19*$S$10+I19*$S$11+J19*$S$12+K19*$S$13+L19*$S$14+M19*$S$15+N19*$S$16+O19*$S$17+P19*$S$18+Q19*$S$19)/S19) -> 0
R20: =SUM(R5:R19) -> 0 | S20: =SUM(S5:S19) -> #DIV/0! | T20: =MAX(T5:T19) -> 0
S22: λ avg | T22: =T20 -> 0
B23: TABEL RANDOM INDEX SAATY | E23: ='Kriteria&Bobot'!E3 -> 0 | F23: Kriteria | S23: CI | T23: =(T22-E23)/(E23-1) -> 0
S24: RI | T24: =IF(E23=E25,E26,IF(E23=F25,F26,IF(E23=G25,G26,IF(E23=H25,H26,IF(E23=I25,I26,IF(E23=J25,J26,IF(E23=K25,K26,IF(E23=L25,L26,IF(E23=M25,M26,IF(E23=N25,N26,IF(E23=O25,O26,IF(E23=P25,P26,IF(E23=Q25,Q26))))))))))))) -> FALSE
B25: N | C25: 1 | D25: 2 | E25: 3 | F25: 4 | G25: 5 | H25: 6 | I25: 7 | J25: 8 | K25: 9 | L25: 10 | M25: 11 | N25: 12 | O25: 13 | P25: 14 | Q25: 15 | S25: CR | T25: =T23/T24 -> #DIV/0!
B26: RI | C26: 0 | D26: 0 | E26: 0.58 | F26: 0.9 | G26: 1.12 | H26: 1.24 | I26: 1.32 | J26: 1.41 | K26: 1.45 | L26: 1.49 | M26: 1.51 | N26: 1.54 | O26: 1.56 | P26: 1.57 | Q26: 1.58
S27: Konsisten | T27: IF CR < 1

Sheet Eig Vec Data Kriteria
H1: PERHITUNGAN EIGENVECTOR DAN KONSISTENSI DATA SETIAP KRITERIA
A2: KRITERIA | B2: ='Data Kriteria'!C5 -> 0
C3: {=TRANSPOSE(A5:A19)} -> 1 | D3: 1 | E3: 1 | F3: 1 | G3: 1 | H3: 1 | I3: 1 | J3: 1 | K3: 1 | L3: 1 | M3: 1 | N3: 1 | O3: 1 | P3: 1 | Q3: 1
B4: 1 | C4: {=TRANSPOSE(B5:B19)} -> 0 | D4: 0 | E4: 0 | F4: 0 | G4: 0 | H4: 0 | I4: 0 | J4: 0 | K4: 0 | L4: 0 | M4: 0 | N4: 0 | O4: 0 | P4: 0 | Q4: 0 | R4: nth root | S4: Eigenvector | T4: Eigen value
A5: ='Data Kriteria'!C6 -> 1 | B5: ='Data Kriteria'!B6 -> 0 | C5: =IF(OR(C3=1,$A$5=1),1,$A$5/C3) -> 1 | D5: =IF(OR(D3=1,$A$5=1),1,$A$5/D3) -> 1 | E5: =IF(OR(E3=1,$A$5=1),1,$A$5/E3) -> 1 | F5: =IF(OR(F3=1,$A$5=1),1,$A$5/F3) -> 1 | G5: =IF(OR(G3=1,$A$5=1),1,$A$5/G3) -> 1 | H5: =IF(OR(H3=1,$A$5=1),1,$A$5/H3) -> 1 | I5: =IF(OR(I3=1,$A$5=1),1,$A$5/I3) -> 1 | J5: =IF(OR(J3=1,$A$5=1),1,$A$5/J3) -> 1 | ... Q5: =IF(OR(Q3=1,$A$5=1),1,$A$5/Q3) -> 1 | R5: =IF(A5=1,0,(C5*D5*E5*F5*G5*H5*I5*J5*K5*L5*M5*N5*O5*P5*Q5)^(1/$E$23)) -> 0 | S5: =IF(C4=0,0,R5/$R$20) -> 0 | T5: =IF(A5=1,0,(C5*$S$5+D5*$S$6+E5*$S$7+F5*$S$8+G5*$S$9+H5*$S$10+I5*$S$11+J5*$S$12+K5*$S$13+L5*$S$14+M5*$S$15+N5*$S$16+O5*$S$17+P5*$S$18+Q5*$S$19)/S5) -> 0
A6: ='Data Kriteria'!C7 -> 1 | B6: ='Data Kriteria'!B7 -> 0 | C6: =IF(OR(C3=1,$A$6=1),1,$A$6/C3) -> 1 | D6: =IF(OR(D3=1,$A$6=1),1,$A$6/D3) -> 1 | E6: =IF(OR(E3=1,$A$6=1),1,$A$6/E3) -> 1 | F6: =IF(OR(F3=1,$A$6=1),1,$A$6/F3) -> 1 | G6: =IF(OR(G3=1,$A$6=1),1,$A$6/G3) -> 1 | H6: =IF(OR(H3=1,$A$6=1),1,$A$6/H3) -> 1 | I6: =IF(OR(I3=1,$A$6=1),1,$A$6/I3) -> 1 | J6: =IF(OR(J3=1,$A$6=1),1,$A$6/J3) -> 1 | ... Q6: =IF(OR(Q3=1,$A$6=1),1,$A$6/Q3) -> 1 | R6: =IF(A6=1,0,(C6*D6*E6*F6*G6*H6*I6*J6*K6*L6*M6*N6*O6*P6*Q6)^(1/$E$23)) -> 0 | S6: =IF(D4=0,0,R6/$R$20) -> 0 | T6: =IF(A6=1,0,(C6*$S$5+D6*$S$6+E6*$S$7+F6*$S$8+G6*$S$9+H6*$S$10+I6*$S$11+J6*$S$12+K6*$S$13+L6*$S$14+M6*$S$15+N6*$S$16+O6*$S$17+P6*$S$18+Q6*$S$19)/S6) -> 0
A7: ='Data Kriteria'!C8 -> 1 | B7: ='Data Kriteria'!B8 -> 0 | C7: =IF(OR(C3=1,$A$7=1),1,$A$7/C3) -> 1 | D7: =IF(OR(D3=1,$A$7=1),1,$A$7/D3) -> 1 | E7: =IF(OR(E3=1,$A$7=1),1,$A$7/E3) -> 1 | F7: =IF(OR(F3=1,$A$7=1),1,$A$7/F3) -> 1 | G7: =IF(OR(G3=1,$A$7=1),1,$A$7/G3) -> 1 | H7: =IF(OR(H3=1,$A$7=1),1,$A$7/H3) -> 1 | I7: =IF(OR(I3=1,$A$7=1),1,$A$7/I3) -> 1 | J7: =IF(OR(J3=1,$A$7=1),1,$A$7/J3) -> 1 | ... Q7: =IF(OR(Q3=1,$A$7=1),1,$A$7/Q3) -> 1 | R7: =IF(A7=1,0,(C7*D7*E7*F7*G7*H7*I7*J7*K7*L7*M7*N7*O7*P7*Q7)^(1/$E$23)) -> 0 | S7: =IF(E4=0,0,R7/$R$20) -> 0 | T7: =IF(A7=1,0,(C7*$S$5+D7*$S$6+E7*$S$7+F7*$S$8+G7*$S$9+H7*$S$10+I7*$S$11+J7*$S$12+K7*$S$13+L7*$S$14+M7*$S$15+N7*$S$16+O7*$S$17+P7*$S$18+Q7*$S$19)/S7) -> 0
A8: ='Data Kriteria'!C9 -> 1 | B8: ='Data Kriteria'!B9 -> 0 | C8: =IF(OR(C3=1,$A$8=1),1,$A$8/C3) -> 1 | D8: =IF(OR(D3=1,$A$8=1),1,$A$8/D3) -> 1 | E8: =IF(OR(E3=1,$A$8=1),1,$A$8/E3) -> 1 | F8: =IF(OR(F3=1,$A$8=1),1,$A$8/F3) -> 1 | G8: =IF(OR(G3=1,$A$8=1),1,$A$8/G3) -> 1 | H8: =IF(OR(H3=1,$A$8=1),1,$A$8/H3) -> 1 | I8: =IF(OR(I3=1,$A$8=1),1,$A$8/I3) -> 1 | J8: =IF(OR(J3=1,$A$8=1),1,$A$8/J3) -> 1 | ... Q8: =IF(OR(Q3=1,$A$8=1),1,$A$8/Q3) -> 1 | R8: =IF(A8=1,0,(C8*D8*E8*F8*G8*H8*I8*J8*K8*L8*M8*N8*O8*P8*Q8)^(1/$E$23)) -> 0 | S8: =IF(F4=0,0,R8/$R$20) -> 0 | T8: =IF(A8=1,0,(C8*$S$5+D8*$S$6+E8*$S$7+F8*$S$8+G8*$S$9+H8*$S$10+I8*$S$11+J8*$S$12+K8*$S$13+L8*$S$14+M8*$S$15+N8*$S$16+O8*$S$17+P8*$S$18+Q8*$S$19)/S8) -> 0
A9: ='Data Kriteria'!C10 -> 1 | B9: ='Data Kriteria'!B10 -> 0 | C9: =IF(OR(C3=1,$A$9=1),1,$A$9/C3) -> 1 | D9: =IF(OR(D3=1,$A$9=1),1,$A$9/D3) -> 1 | E9: =IF(OR(E3=1,$A$9=1),1,$A$9/E3) -> 1 | F9: =IF(OR(F3=1,$A$9=1),1,$A$9/F3) -> 1 | G9: =IF(OR(G3=1,$A$9=1),1,$A$9/G3) -> 1 | H9: =IF(OR(H3=1,$A$9=1),1,$A$9/H3) -> 1 | I9: =IF(OR(I3=1,$A$9=1),1,$A$9/I3) -> 1 | J9: =IF(OR(J3=1,$A$9=1),1,$A$9/J3) -> 1 | ... Q9: =IF(OR(Q3=1,$A$9=1),1,$A$9/Q3) -> 1 | R9: =IF(A9=1,0,(C9*D9*E9*F9*G9*H9*I9*J9*K9*L9*M9*N9*O9*P9*Q9)^(1/$E$23)) -> 0 | S9: =IF(G4=0,0,R9/$R$20) -> 0 | T9: =IF(A9=1,0,(C9*$S$5+D9*$S$6+E9*$S$7+F9*$S$8+G9*$S$9+H9*$S$10+I9*$S$11+J9*$S$12+K9*$S$13+L9*$S$14+M9*$S$15+N9*$S$16+O9*$S$17+P9*$S$18+Q9*$S$19)/S9) -> 0
A10: ='Data Kriteria'!C11 -> 1 | B10: ='Data Kriteria'!B11 -> 0 | C10: =IF(OR(C3=1,$A$10=1),1,$A$10/C3) -> 1 | D10: =IF(OR(D3=1,$A$10=1),1,$A$10/D3) -> 1 | E10: =IF(OR(E3=1,$A$10=1),1,$A$10/E3) -> 1 | F10: =IF(OR(F3=1,$A$10=1),1,$A$10/F3) -> 1 | G10: =IF(OR(G3=1,$A$10=1),1,$A$10/G3) -> 1 | H10: =IF(OR(H3=1,$A$10=1),1,$A$10/H3) -> 1 | I10: =IF(OR(I3=1,$A$10=1),1,$A$10/I3) -> 1 | J10: =IF(OR(J3=1,$A$10=1),1,$A$10/J3) -> 1 | ... Q10: =IF(OR(Q3=1,$A$10=1),1,$A$10/Q3) -> 1 | R10: =IF(A10=1,0,(C10*D10*E10*F10*G10*H10*I10*J10*K10*L10*M10*N10*O10*P10*Q10)^(1/$E$23)) -> 0 | S10: =IF(H4=0,0,R10/$R$20) -> 0 | T10: =IF(A10=1,0,(C10*$S$5+D10*$S$6+E10*$S$7+F10*$S$8+G10*$S$9+H10*$S$10+I10*$S$11+J10*$S$12+K10*$S$13+L10*$S$14+M10*$S$15+N10*$S$16+O10*$S$17+P10*$S$18+Q10*$S$19)/S10) -> 0
A11: ='Data Kriteria'!C12 -> 1 | B11: ='Data Kriteria'!B12 -> 0 | C11: =IF(OR(C3=1,$A$11=1),1,$A$11/C3) -> 1 | D11: =IF(OR(D3=1,$A$11=1),1,$A$11/D3) -> 1 | E11: =IF(OR(E3=1,$A$11=1),1,$A$11/E3) -> 1 | F11: =IF(OR(F3=1,$A$11=1),1,$A$11/F3) -> 1 | G11: =IF(OR(G3=1,$A$11=1),1,$A$11/G3) -> 1 | H11: =IF(OR(H3=1,$A$11=1),1,$A$11/H3) -> 1 | I11: =IF(OR(I3=1,$A$11=1),1,$A$11/I3) -> 1 | J11: =IF(OR(J3=1,$A$11=1),1,$A$11/J3) -> 1 | ... Q11: =IF(OR(Q3=1,$A$11=1),1,$A$11/Q3) -> 1 | R11: =IF(A11=1,0,(C11*D11*E11*F11*G11*H11*I11*J11*K11*L11*M11*N11*O11*P11*Q11)^(1/$E$23)) -> 0 | S11: =IF(I4=0,0,R11/$R$20) -> 0 | T11: =IF(A11=1,0,(C11*$S$5+D11*$S$6+E11*$S$7+F11*$S$8+G11*$S$9+H11*$S$10+I11*$S$11+J11*$S$12+K11*$S$13+L11*$S$14+M11*$S$15+N11*$S$16+O11*$S$17+P11*$S$18+Q11*$S$19)/S11) -> 0
A12: ='Data Kriteria'!C13 -> 1 | B12: ='Data Kriteria'!B13 -> 0 | C12: =IF(OR(C3=1,$A$12=1),1,$A$12/C3) -> 1 | D12: =IF(OR(D3=1,$A$12=1),1,$A$12/D3) -> 1 | E12: =IF(OR(E3=1,$A$12=1),1,$A$12/E3) -> 1 | F12: =IF(OR(F3=1,$A$12=1),1,$A$12/F3) -> 1 | G12: =IF(OR(G3=1,$A$12=1),1,$A$12/G3) -> 1 | H12: =IF(OR(H3=1,$A$12=1),1,$A$12/H3) -> 1 | I12: =IF(OR(I3=1,$A$12=1),1,$A$12/I3) -> 1 | J12: =IF(OR(J3=1,$A$12=1),1,$A$12/J3) -> 1 | ... Q12: =IF(OR(Q3=1,$A$12=1),1,$A$12/Q3) -> 1 | R12: =IF(A12=1,0,(C12*D12*E12*F12*G12*H12*I12*J12*K12*L12*M12*N12*O12*P12*Q12)^(1/$E$23)) -> 0 | S12: =IF(J4=0,0,R12/$R$20) -> 0 | T12: =IF(A12=1,0,(C12*$S$5+D12*$S$6+E12*$S$7+F12*$S$8+G12*$S$9+H12*$S$10+I12*$S$11+J12*$S$12+K12*$S$13+L12*$S$14+M12*$S$15+N12*$S$16+O12*$S$17+P12*$S$18+Q12*$S$19)/S12) -> 0
A13: ='Data Kriteria'!C14 -> 1 | B13: ='Data Kriteria'!B14 -> 0 | C13: =IF(OR(C3=1,$A$13=1),1,$A$13/C3) -> 1 | D13: =IF(OR(D3=1,$A$13=1),1,$A$13/D3) -> 1 | E13: =IF(OR(E3=1,$A$13=1),1,$A$13/E3) -> 1 | F13: =IF(OR(F3=1,$A$13=1),1,$A$13/F3) -> 1 | G13: =IF(OR(G3=1,$A$13=1),1,$A$13/G3) -> 1 | H13: =IF(OR(H3=1,$A$13=1),1,$A$13/H3) -> 1 | I13: =IF(OR(I3=1,$A$13=1),1,$A$13/I3) -> 1 | J13: =IF(OR(J3=1,$A$13=1),1,$A$13/J3) -> 1 | ... Q13: =IF(OR(Q3=1,$A$13=1),1,$A$13/Q3) -> 1 | R13: =IF(A13=1,0,(C13*D13*E13*F13*G13*H13*I13*J13*K13*L13*M13*N13*O13*P13*Q13)^(1/$E$23)) -> 0 | S13: =IF(K4=0,0,R13/$R$20) -> 0 | T13: =IF(A13=1,0,(C13*$S$5+D13*$S$6+E13*$S$7+F13*$S$8+G13*$S$9+H13*$S$10+I13*$S$11+J13*$S$12+K13*$S$13+L13*$S$14+M13*$S$15+N13*$S$16+O13*$S$17+P13*$S$18+Q13*$S$19)/S13) -> 0
A14: ='Data Kriteria'!C15 -> 1 | B14: ='Data Kriteria'!B15 -> 0 | C14: =IF(OR(C3=1,$A$14=1),1,$A$14/C3) -> 1 | D14: =IF(OR(D3=1,$A$14=1),1,$A$14/D3) -> 1 | E14: =IF(OR(E3=1,$A$14=1),1,$A$14/E3) -> 1 | F14: =IF(OR(F3=1,$A$14=1),1,$A$14/F3) -> 1 | G14: =IF(OR(G3=1,$A$14=1),1,$A$14/G3) -> 1 | H14: =IF(OR(H3=1,$A$14=1),1,$A$14/H3) -> 1 | I14: =IF(OR(I3=1,$A$14=1),1,$A$14/I3) -> 1 | J14: =IF(OR(J3=1,$A$14=1),1,$A$14/J3) -> 1 | ... Q14: =IF(OR(Q3=1,$A$14=1),1,$A$14/Q3) -> 1 | R14: =IF(A14=1,0,(C14*D14*E14*F14*G14*H14*I14*J14*K14*L14*M14*N14*O14*P14*Q14)^(1/$E$23)) -> 0 | S14: =IF(L4=0,0,R14/$R$20) -> 0 | T14: =IF(A14=1,0,(C14*$S$5+D14*$S$6+E14*$S$7+F14*$S$8+G14*$S$9+H14*$S$10+I14*$S$11+J14*$S$12+K14*$S$13+L14*$S$14+M14*$S$15+N14*$S$16+O14*$S$17+P14*$S$18+Q14*$S$19)/S14) -> 0
A15: ='Data Kriteria'!C16 -> 1 | B15: ='Data Kriteria'!B16 -> 0 | C15: =IF(OR(C3=1,$A$15=1),1,$A$15/C3) -> 1 | D15: =IF(OR(D3=1,$A$15=1),1,$A$15/D3) -> 1 | E15: =IF(OR(E3=1,$A$15=1),1,$A$15/E3) -> 1 | F15: =IF(OR(F3=1,$A$15=1),1,$A$15/F3) -> 1 | G15: =IF(OR(G3=1,$A$15=1),1,$A$15/G3) -> 1 | H15: =IF(OR(H3=1,$A$15=1),1,$A$15/H3) -> 1 | I15: =IF(OR(I3=1,$A$15=1),1,$A$15/I3) -> 1 | J15: =IF(OR(J3=1,$A$15=1),1,$A$15/J3) -> 1 | ... Q15: =IF(OR(Q3=1,$A$15=1),1,$A$15/Q3) -> 1 | R15: =IF(A15=1,0,(C15*D15*E15*F15*G15*H15*I15*J15*K15*L15*M15*N15*O15*P15*Q15)^(1/$E$23)) -> 0 | S15: =IF(M4=0,0,R15/$R$20) -> 0 | T15: =IF(A15=1,0,(C15*$S$5+D15*$S$6+E15*$S$7+F15*$S$8+G15*$S$9+H15*$S$10+I15*$S$11+J15*$S$12+K15*$S$13+L15*$S$14+M15*$S$15+N15*$S$16+O15*$S$17+P15*$S$18+Q15*$S$19)/S15) -> 0
A16: ='Data Kriteria'!C17 -> 1 | B16: ='Data Kriteria'!B17 -> 0 | C16: =IF(OR(C3=1,$A$16=1),1,$A$16/C3) -> 1 | D16: =IF(OR(D3=1,$A$16=1),1,$A$16/D3) -> 1 | E16: =IF(OR(E3=1,$A$16=1),1,$A$16/E3) -> 1 | F16: =IF(OR(F3=1,$A$16=1),1,$A$16/F3) -> 1 | G16: =IF(OR(G3=1,$A$16=1),1,$A$16/G3) -> 1 | H16: =IF(OR(H3=1,$A$16=1),1,$A$16/H3) -> 1 | I16: =IF(OR(I3=1,$A$16=1),1,$A$16/I3) -> 1 | J16: =IF(OR(J3=1,$A$16=1),1,$A$16/J3) -> 1 | ... Q16: =IF(OR(Q3=1,$A$16=1),1,$A$16/Q3) -> 1 | R16: =IF(A16=1,0,(C16*D16*E16*F16*G16*H16*I16*J16*K16*L16*M16*N16*O16*P16*Q16)^(1/$E$23)) -> 0 | S16: =IF(N4=0,0,R16/$R$20) -> 0 | T16: =IF(A16=1,0,(C16*$S$5+D16*$S$6+E16*$S$7+F16*$S$8+G16*$S$9+H16*$S$10+I16*$S$11+J16*$S$12+K16*$S$13+L16*$S$14+M16*$S$15+N16*$S$16+O16*$S$17+P16*$S$18+Q16*$S$19)/S16) -> 0
A17: ='Data Kriteria'!C18 -> 1 | B17: ='Data Kriteria'!B18 -> 0 | C17: =IF(OR(C3=1,$A$17=1),1,$A$17/C3) -> 1 | D17: =IF(OR(D3=1,$A$17=1),1,$A$17/D3) -> 1 | E17: =IF(OR(E3=1,$A$17=1),1,$A$17/E3) -> 1 | F17: =IF(OR(F3=1,$A$17=1),1,$A$17/F3) -> 1 | G17: =IF(OR(G3=1,$A$17=1),1,$A$17/G3) -> 1 | H17: =IF(OR(H3=1,$A$17=1),1,$A$17/H3) -> 1 | I17: =IF(OR(I3=1,$A$17=1),1,$A$17/I3) -> 1 | J17: =IF(OR(J3=1,$A$17=1),1,$A$17/J3) -> 1 | ... Q17: =IF(OR(Q3=1,$A$17=1),1,$A$17/Q3) -> 1 | R17: =IF(A17=1,0,(C17*D17*E17*F17*G17*H17*I17*J17*K17*L17*M17*N17*O17*P17*Q17)^(1/$E$23)) -> 0 | S17: =IF(O4=0,0,R17/$R$20) -> 0 | T17: =IF(A17=1,0,(C17*$S$5+D17*$S$6+E17*$S$7+F17*$S$8+G17*$S$9+H17*$S$10+I17*$S$11+J17*$S$12+K17*$S$13+L17*$S$14+M17*$S$15+N17*$S$16+O17*$S$17+P17*$S$18+Q17*$S$19)/S17) -> 0
A18: ='Data Kriteria'!C19 -> 1 | B18: ='Data Kriteria'!B19 -> 0 | C18: =IF(OR(C3=1,$A$18=1),1,$A$18/C3) -> 1 | D18: =IF(OR(D3=1,$A$18=1),1,$A$18/D3) -> 1 | E18: =IF(OR(E3=1,$A$18=1),1,$A$18/E3) -> 1 | F18: =IF(OR(F3=1,$A$18=1),1,$A$18/F3) -> 1 | G18: =IF(OR(G3=1,$A$18=1),1,$A$18/G3) -> 1 | H18: =IF(OR(H3=1,$A$18=1),1,$A$18/H3) -> 1 | I18: =IF(OR(I3=1,$A$18=1),1,$A$18/I3) -> 1 | J18: =IF(OR(J3=1,$A$18=1),1,$A$18/J3) -> 1 | ... Q18: =IF(OR(Q3=1,$A$18=1),1,$A$18/Q3) -> 1 | R18: =IF(A18=1,0,(C18*D18*E18*F18*G18*H18*I18*J18*K18*L18*M18*N18*O18*P18*Q18)^(1/$E$23)) -> 0 | S18: =IF(P4=0,0,R18/$R$20) -> 0 | T18: =IF(A18=1,0,(C18*$S$5+D18*$S$6+E18*$S$7+F18*$S$8+G18*$S$9+H18*$S$10+I18*$S$11+J18*$S$12+K18*$S$13+L18*$S$14+M18*$S$15+N18*$S$16+O18*$S$17+P18*$S$18+Q18*$S$19)/S18) -> 0
A19: ='Data Kriteria'!C20 -> 1 | B19: ='Data Kriteria'!B20 -> 0 | C19: =IF(OR(C3=1,$A$19=1),1,$A$19/C3) -> 1 | D19: =IF(OR(D3=1,$A$19=1),1,$A$19/D3) -> 1 | E19: =IF(OR(E3=1,$A$19=1),1,$A$19/E3) -> 1 | F19: =IF(OR(F3=1,$A$19=1),1,$A$19/F3) -> 1 | G19: =IF(OR(G3=1,$A$19=1),1,$A$19/G3) -> 1 | H19: =IF(OR(H3=1,$A$19=1),1,$A$19/H3) -> 1 | I19: =IF(OR(I3=1,$A$19=1),1,$A$19/I3) -> 1 | J19: =IF(OR(J3=1,$A$19=1),1,$A$19/J3) -> 1 | ... Q19: =IF(OR(Q3=1,$A$19=1),1,$A$19/Q3) -> 1 | R19: =IF(A19=1,0,(C19*D19*E19*F19*G19*H19*I19*J19*K19*L19*M19*N19*O19*P19*Q19)^(1/$E$23)) -> 0 | S19: =IF(Q4=0,0,R19/$R$20) -> 0 | T19: =IF(A19=1,0,(C19*$S$5+D19*$S$6+E19*$S$7+F19*$S$8+G19*$S$9+H19*$S$10+I19*$S$11+J19*$S$12+K19*$S$13+L19*$S$14+M19*$S$15+N19*$S$16+O19*$S$17+P19*$S$18+Q19*$S$19)/S19) -> 0
R20: =SUM(R5:R19) -> 0 | S20: =SUM(S5:S19) -> 0 | T20: =MAX(T5:T19) -> 0
S22: λ avg/max | T22: =T20 -> 0
B23: TABEL RANDOM INDEX SAATY | E23: =Challanges!D3 -> 0 | S23: CI | T23: =(T22-E23)/(E23-1) -> 0
S24: RI | T24: =IF(E23=E25,E26,IF(E23=F25,F26,IF(E23=G25,G26,IF(E23=H25,H26,IF(E23=I25,I26,IF(E23=J25,J26,IF(E23=K25,K26,IF(E23=L25,L26,IF(E23=M25,M26,IF(E23=N25,N26,IF(E23=O25,O26,IF(E23=P25,P26,IF(E23=Q25,Q26))))))))))))) -> FALSE
B25: N | C25: 1 | D25: 2 | E25: 3 | F25: 4 | G25: 5 | H25: 6 | I25: 7 | J25: 8 | K25: 9 | L25: 10 | M25: 11 | N25: 12 | O25: 13 | P25: 14 | Q25: 15 | S25: CR | T25: =T23/T24 -> #DIV/0!
B26: RI | C26: 0 | D26: 0 | E26: 0.58 | F26: 0.9 | G26: 1.12 | H26: 1.24 | I26: 1.32 | J26: 1.41 | K26: 1.45 | L26: 1.49 | M26: 1.51 | N26: 1.54 | O26: 1.56 | P26: 1.57 | Q26: 1.58
S27: Konsisten | T27: IF CR < 1
A29: KRITERIA | B29: ='Data Kriteria'!D5 -> 0
C30: {=TRANSPOSE(A32:A46)} -> 1 | D30: 1 | E30: 1 | F30: 1 | G30: 1 | H30: 1 | I30: 1 | J30: 1 | K30: 1 | L30: 1 | M30: 1 | N30: 1 | O30: 1 | P30: 1 | Q30: 1
B31: 2 | C31: {=TRANSPOSE(B32:B46)} -> 0 | D31: 0 | E31: 0 | F31: 0 | G31: 0 | H31: 0 | I31: 0 | J31: 0 | K31: 0 | L31: 0 | M31: 0 | N31: 0 | O31: 0 | P31: 0 | Q31: 0 | R31: nth root | S31: Eigenvector | T31: Eigen value
A32: ='Data Kriteria'!D6 -> 1 | B32: ='Data Kriteria'!B6 -> 0 | C32: =IF(OR(C30=1,$A$32=1),1,$A$32/C30) -> 1 | D32: =IF(OR(D30=1,$A$32=1),1,$A$32/D30) -> 1 | E32: =IF(OR(E30=1,$A$32=1),1,$A$32/E30) -> 1 | F32: =IF(OR(F30=1,$A$32=1),1,$A$32/F30) -> 1 | G32: =IF(OR(G30=1,$A$32=1),1,$A$32/G30) -> 1 | H32: =IF(OR(H30=1,$A$32=1),1,$A$32/H30) -> 1 | I32: =IF(OR(I30=1,$A$32=1),1,$A$32/I30) -> 1 | J32: =IF(OR(J30=1,$A$32=1),1,$A$32/J30) -> 1 | ... Q32: =IF(OR(Q30=1,$A$32=1),1,$A$32/Q30) -> 1 | R32: =IF(A32=1,0,(C32*D32*E32*F32*G32*H32*I32*J32*K32*L32*M32*N32*O32*P32*Q32)^(1/$E$50)) -> 0 | S32: =IF(C31=0,0,R32/$R$47) -> 0 | T32: =IF(A32=1,0,(C32*$S$5+D32*$S$6+E32*$S$7+F32*$S$8+G32*$S$9+H32*$S$10+I32*$S$11+J32*$S$12+K32*$S$13+L32*$S$14+M32*$S$15+N32*$S$16+O32*$S$17+P32*$S$18+Q32*$S$19)/S32) -> 0
A33: ='Data Kriteria'!D7 -> 1 | B33: ='Data Kriteria'!B7 -> 0 | C33: =IF(OR(C30=1,$A$33=1),1,$A$33/C30) -> 1 | D33: =IF(OR(D30=1,$A$33=1),1,$A$33/D30) -> 1 | E33: =IF(OR(E30=1,$A$33=1),1,$A$33/E30) -> 1 | F33: =IF(OR(F30=1,$A$33=1),1,$A$33/F30) -> 1 | G33: =IF(OR(G30=1,$A$33=1),1,$A$33/G30) -> 1 | H33: =IF(OR(H30=1,$A$33=1),1,$A$33/H30) -> 1 | I33: =IF(OR(I30=1,$A$33=1),1,$A$33/I30) -> 1 | J33: =IF(OR(J30=1,$A$33=1),1,$A$33/J30) -> 1 | ... Q33: =IF(OR(Q30=1,$A$33=1),1,$A$33/Q30) -> 1 | R33: =IF(A33=1,0,(C33*D33*E33*F33*G33*H33*I33*J33*K33*L33*M33*N33*O33*P33*Q33)^(1/$E$50)) -> 0 | S33: =IF(D31=0,0,R33/$R$47) -> 0 | T33: =IF(A33=1,0,(C33*$S$5+D33*$S$6+E33*$S$7+F33*$S$8+G33*$S$9+H33*$S$10+I33*$S$11+J33*$S$12+K33*$S$13+L33*$S$14+M33*$S$15+N33*$S$16+O33*$S$17+P33*$S$18+Q33*$S$19)/S33) -> 0
A34: ='Data Kriteria'!D8 -> 1 | B34: ='Data Kriteria'!B8 -> 0 | C34: =IF(OR(C30=1,$A$34=1),1,$A$34/C30) -> 1 | D34: =IF(OR(D30=1,$A$34=1),1,$A$34/D30) -> 1 | E34: =IF(OR(E30=1,$A$34=1),1,$A$34/E30) -> 1 | F34: =IF(OR(F30=1,$A$34=1),1,$A$34/F30) -> 1 | G34: =IF(OR(G30=1,$A$34=1),1,$A$34/G30) -> 1 | H34: =IF(OR(H30=1,$A$34=1),1,$A$34/H30) -> 1 | I34: =IF(OR(I30=1,$A$34=1),1,$A$34/I30) -> 1 | J34: =IF(OR(J30=1,$A$34=1),1,$A$34/J30) -> 1 | ... Q34: =IF(OR(Q30=1,$A$34=1),1,$A$34/Q30) -> 1 | R34: =IF(A34=1,0,(C34*D34*E34*F34*G34*H34*I34*J34*K34*L34*M34*N34*O34*P34*Q34)^(1/$E$50)) -> 0 | S34: =IF(E31=0,0,R34/$R$47) -> 0 | T34: =IF(A34=1,0,(C34*$S$5+D34*$S$6+E34*$S$7+F34*$S$8+G34*$S$9+H34*$S$10+I34*$S$11+J34*$S$12+K34*$S$13+L34*$S$14+M34*$S$15+N34*$S$16+O34*$S$17+P34*$S$18+Q34*$S$19)/S34) -> 0
A35: ='Data Kriteria'!D9 -> 1 | B35: ='Data Kriteria'!B9 -> 0 | C35: =IF(OR(C30=1,$A$35=1),1,$A$35/C30) -> 1 | D35: =IF(OR(D30=1,$A$35=1),1,$A$35/D30) -> 1 | E35: =IF(OR(E30=1,$A$35=1),1,$A$35/E30) -> 1 | F35: =IF(OR(F30=1,$A$35=1),1,$A$35/F30) -> 1 | G35: =IF(OR(G30=1,$A$35=1),1,$A$35/G30) -> 1 | H35: =IF(OR(H30=1,$A$35=1),1,$A$35/H30) -> 1 | I35: =IF(OR(I30=1,$A$35=1),1,$A$35/I30) -> 1 | J35: =IF(OR(J30=1,$A$35=1),1,$A$35/J30) -> 1 | ... Q35: =IF(OR(Q30=1,$A$35=1),1,$A$35/Q30) -> 1 | R35: =IF(A35=1,0,(C35*D35*E35*F35*G35*H35*I35*J35*K35*L35*M35*N35*O35*P35*Q35)^(1/$E$50)) -> 0 | S35: =IF(F31=0,0,R35/$R$47) -> 0 | T35: =IF(A35=1,0,(C35*$S$5+D35*$S$6+E35*$S$7+F35*$S$8+G35*$S$9+H35*$S$10+I35*$S$11+J35*$S$12+K35*$S$13+L35*$S$14+M35*$S$15+N35*$S$16+O35*$S$17+P35*$S$18+Q35*$S$19)/S35) -> 0
A36: ='Data Kriteria'!D10 -> 1 | B36: ='Data Kriteria'!B10 -> 0 | C36: =IF(OR(C30=1,$A$36=1),1,$A$36/C30) -> 1 | D36: =IF(OR(D30=1,$A$36=1),1,$A$36/D30) -> 1 | E36: =IF(OR(E30=1,$A$36=1),1,$A$36/E30) -> 1 | F36: =IF(OR(F30=1,$A$36=1),1,$A$36/F30) -> 1 | G36: =IF(OR(G30=1,$A$36=1),1,$A$36/G30) -> 1 | H36: =IF(OR(H30=1,$A$36=1),1,$A$36/H30) -> 1 | I36: =IF(OR(I30=1,$A$36=1),1,$A$36/I30) -> 1 | J36: =IF(OR(J30=1,$A$36=1),1,$A$36/J30) -> 1 | ... Q36: =IF(OR(Q30=1,$A$36=1),1,$A$36/Q30) -> 1 | R36: =IF(A36=1,0,(C36*D36*E36*F36*G36*H36*I36*J36*K36*L36*M36*N36*O36*P36*Q36)^(1/$E$50)) -> 0 | S36: =IF(G31=0,0,R36/$R$47) -> 0 | T36: =IF(A36=1,0,(C36*$S$5+D36*$S$6+E36*$S$7+F36*$S$8+G36*$S$9+H36*$S$10+I36*$S$11+J36*$S$12+K36*$S$13+L36*$S$14+M36*$S$15+N36*$S$16+O36*$S$17+P36*$S$18+Q36*$S$19)/S36) -> 0
A37: ='Data Kriteria'!D11 -> 1 | B37: ='Data Kriteria'!B11 -> 0 | C37: =IF(OR(C30=1,$A$37=1),1,$A$37/C30) -> 1 | D37: =IF(OR(D30=1,$A$37=1),1,$A$37/D30) -> 1 | E37: =IF(OR(E30=1,$A$37=1),1,$A$37/E30) -> 1 | F37: =IF(OR(F30=1,$A$37=1),1,$A$37/F30) -> 1 | G37: =IF(OR(G30=1,$A$37=1),1,$A$37/G30) -> 1 | H37: =IF(OR(H30=1,$A$37=1),1,$A$37/H30) -> 1 | I37: =IF(OR(I30=1,$A$37=1),1,$A$37/I30) -> 1 | J37: =IF(OR(J30=1,$A$37=1),1,$A$37/J30) -> 1 | ... Q37: =IF(OR(Q30=1,$A$37=1),1,$A$37/Q30) -> 1 | R37: =IF(A37=1,0,(C37*D37*E37*F37*G37*H37*I37*J37*K37*L37*M37*N37*O37*P37*Q37)^(1/$E$50)) -> 0 | S37: =IF(H31=0,0,R37/$R$47) -> 0 | T37: =IF(A37=1,0,(C37*$S$5+D37*$S$6+E37*$S$7+F37*$S$8+G37*$S$9+H37*$S$10+I37*$S$11+J37*$S$12+K37*$S$13+L37*$S$14+M37*$S$15+N37*$S$16+O37*$S$17+P37*$S$18+Q37*$S$19)/S37) -> 0
A38: ='Data Kriteria'!D12 -> 1 | B38: ='Data Kriteria'!B12 -> 0 | C38: =IF(OR(C30=1,$A$38=1),1,$A$38/C30) -> 1 | D38: =IF(OR(D30=1,$A$38=1),1,$A$38/D30) -> 1 | E38: =IF(OR(E30=1,$A$38=1),1,$A$38/E30) -> 1 | F38: =IF(OR(F30=1,$A$38=1),1,$A$38/F30) -> 1 | G38: =IF(OR(G30=1,$A$38=1),1,$A$38/G30) -> 1 | H38: =IF(OR(H30=1,$A$38=1),1,$A$38/H30) -> 1 | I38: =IF(OR(I30=1,$A$38=1),1,$A$38/I30) -> 1 | J38: =IF(OR(J30=1,$A$38=1),1,$A$38/J30) -> 1 | ... Q38: =IF(OR(Q30=1,$A$38=1),1,$A$38/Q30) -> 1 | R38: =IF(A38=1,0,(C38*D38*E38*F38*G38*H38*I38*J38*K38*L38*M38*N38*O38*P38*Q38)^(1/$E$50)) -> 0 | S38: =IF(I31=0,0,R38/$R$47) -> 0 | T38: =IF(A38=1,0,(C38*$S$5+D38*$S$6+E38*$S$7+F38*$S$8+G38*$S$9+H38*$S$10+I38*$S$11+J38*$S$12+K38*$S$13+L38*$S$14+M38*$S$15+N38*$S$16+O38*$S$17+P38*$S$18+Q38*$S$19)/S38) -> 0
A39: ='Data Kriteria'!D13 -> 1 | B39: ='Data Kriteria'!B13 -> 0 | C39: =IF(OR(C30=1,$A$39=1),1,$A$39/C30) -> 1 | D39: =IF(OR(D30=1,$A$39=1),1,$A$39/D30) -> 1 | E39: =IF(OR(E30=1,$A$39=1),1,$A$39/E30) -> 1 | F39: =IF(OR(F30=1,$A$39=1),1,$A$39/F30) -> 1 | G39: =IF(OR(G30=1,$A$39=1),1,$A$39/G30) -> 1 | H39: =IF(OR(H30=1,$A$39=1),1,$A$39/H30) -> 1 | I39: =IF(OR(I30=1,$A$39=1),1,$A$39/I30) -> 1 | J39: =IF(OR(J30=1,$A$39=1),1,$A$39/J30) -> 1 | ... Q39: =IF(OR(Q30=1,$A$39=1),1,$A$39/Q30) -> 1 | R39: =IF(A39=1,0,(C39*D39*E39*F39*G39*H39*I39*J39*K39*L39*M39*N39*O39*P39*Q39)^(1/$E$50)) -> 0 | S39: =IF(J31=0,0,R39/$R$47) -> 0 | T39: =IF(A39=1,0,(C39*$S$5+D39*$S$6+E39*$S$7+F39*$S$8+G39*$S$9+H39*$S$10+I39*$S$11+J39*$S$12+K39*$S$13+L39*$S$14+M39*$S$15+N39*$S$16+O39*$S$17+P39*$S$18+Q39*$S$19)/S39) -> 0
A40: ='Data Kriteria'!D14 -> 1 | B40: ='Data Kriteria'!B14 -> 0 | C40: =IF(OR(C30=1,$A$40=1),1,$A$40/C30) -> 1 | D40: =IF(OR(D30=1,$A$40=1),1,$A$40/D30) -> 1 | E40: =IF(OR(E30=1,$A$40=1),1,$A$40/E30) -> 1 | F40: =IF(OR(F30=1,$A$40=1),1,$A$40/F30) -> 1 | G40: =IF(OR(G30=1,$A$40=1),1,$A$40/G30) -> 1 | H40: =IF(OR(H30=1,$A$40=1),1,$A$40/H30) -> 1 | I40: =IF(OR(I30=1,$A$40=1),1,$A$40/I30) -> 1 | J40: =IF(OR(J30=1,$A$40=1),1,$A$40/J30) -> 1 | ... Q40: =IF(OR(Q30=1,$A$40=1),1,$A$40/Q30) -> 1 | R40: =IF(A40=1,0,(C40*D40*E40*F40*G40*H40*I40*J40*K40*L40*M40*N40*O40*P40*Q40)^(1/$E$50)) -> 0 | S40: =IF(K31=0,0,R40/$R$47) -> 0 | T40: =IF(A40=1,0,(C40*$S$5+D40*$S$6+E40*$S$7+F40*$S$8+G40*$S$9+H40*$S$10+I40*$S$11+J40*$S$12+K40*$S$13+L40*$S$14+M40*$S$15+N40*$S$16+O40*$S$17+P40*$S$18+Q40*$S$19)/S40) -> 0
A41: ='Data Kriteria'!D15 -> 1 | B41: ='Data Kriteria'!B15 -> 0 | C41: =IF(OR(C30=1,$A$41=1),1,$A$41/C30) -> 1 | D41: =IF(OR(D30=1,$A$41=1),1,$A$41/D30) -> 1 | E41: =IF(OR(E30=1,$A$41=1),1,$A$41/E30) -> 1 | F41: =IF(OR(F30=1,$A$41=1),1,$A$41/F30) -> 1 | G41: =IF(OR(G30=1,$A$41=1),1,$A$41/G30) -> 1 | H41: =IF(OR(H30=1,$A$41=1),1,$A$41/H30) -> 1 | I41: =IF(OR(I30=1,$A$41=1),1,$A$41/I30) -> 1 | J41: =IF(OR(J30=1,$A$41=1),1,$A$41/J30) -> 1 | ... Q41: =IF(OR(Q30=1,$A$41=1),1,$A$41/Q30) -> 1 | R41: =IF(A41=1,0,(C41*D41*E41*F41*G41*H41*I41*J41*K41*L41*M41*N41*O41*P41*Q41)^(1/$E$50)) -> 0 | S41: =IF(L31=0,0,R41/$R$47) -> 0 | T41: =IF(A41=1,0,(C41*$S$5+D41*$S$6+E41*$S$7+F41*$S$8+G41*$S$9+H41*$S$10+I41*$S$11+J41*$S$12+K41*$S$13+L41*$S$14+M41*$S$15+N41*$S$16+O41*$S$17+P41*$S$18+Q41*$S$19)/S41) -> 0
A42: ='Data Kriteria'!D16 -> 1 | B42: ='Data Kriteria'!B16 -> 0 | C42: =IF(OR(C30=1,$A$42=1),1,$A$42/C30) -> 1 | D42: =IF(OR(D30=1,$A$42=1),1,$A$42/D30) -> 1 | E42: =IF(OR(E30=1,$A$42=1),1,$A$42/E30) -> 1 | F42: =IF(OR(F30=1,$A$42=1),1,$A$42/F30) -> 1 | G42: =IF(OR(G30=1,$A$42=1),1,$A$42/G30) -> 1 | H42: =IF(OR(H30=1,$A$42=1),1,$A$42/H30) -> 1 | I42: =IF(OR(I30=1,$A$42=1),1,$A$42/I30) -> 1 | J42: =IF(OR(J30=1,$A$42=1),1,$A$42/J30) -> 1 | ... Q42: =IF(OR(Q30=1,$A$42=1),1,$A$42/Q30) -> 1 | R42: =IF(A42=1,0,(C42*D42*E42*F42*G42*H42*I42*J42*K42*L42*M42*N42*O42*P42*Q42)^(1/$E$50)) -> 0 | S42: =IF(M31=0,0,R42/$R$47) -> 0 | T42: =IF(A42=1,0,(C42*$S$5+D42*$S$6+E42*$S$7+F42*$S$8+G42*$S$9+H42*$S$10+I42*$S$11+J42*$S$12+K42*$S$13+L42*$S$14+M42*$S$15+N42*$S$16+O42*$S$17+P42*$S$18+Q42*$S$19)/S42) -> 0
A43: ='Data Kriteria'!D17 -> 1 | B43: ='Data Kriteria'!B17 -> 0 | C43: =IF(OR(C30=1,$A$43=1),1,$A$43/C30) -> 1 | D43: =IF(OR(D30=1,$A$43=1),1,$A$43/D30) -> 1 | E43: =IF(OR(E30=1,$A$43=1),1,$A$43/E30) -> 1 | F43: =IF(OR(F30=1,$A$43=1),1,$A$43/F30) -> 1 | G43: =IF(OR(G30=1,$A$43=1),1,$A$43/G30) -> 1 | H43: =IF(OR(H30=1,$A$43=1),1,$A$43/H30) -> 1 | I43: =IF(OR(I30=1,$A$43=1),1,$A$43/I30) -> 1 | J43: =IF(OR(J30=1,$A$43=1),1,$A$43/J30) -> 1 | ... Q43: =IF(OR(Q30=1,$A$43=1),1,$A$43/Q30) -> 1 | R43: =IF(A43=1,0,(C43*D43*E43*F43*G43*H43*I43*J43*K43*L43*M43*N43*O43*P43*Q43)^(1/$E$50)) -> 0 | S43: =IF(N31=0,0,R43/$R$47) -> 0 | T43: =IF(A43=1,0,(C43*$S$5+D43*$S$6+E43*$S$7+F43*$S$8+G43*$S$9+H43*$S$10+I43*$S$11+J43*$S$12+K43*$S$13+L43*$S$14+M43*$S$15+N43*$S$16+O43*$S$17+P43*$S$18+Q43*$S$19)/S43) -> 0
A44: ='Data Kriteria'!D18 -> 1 | B44: ='Data Kriteria'!B18 -> 0 | C44: =IF(OR(C30=1,$A$44=1),1,$A$44/C30) -> 1 | D44: =IF(OR(D30=1,$A$44=1),1,$A$44/D30) -> 1 | E44: =IF(OR(E30=1,$A$44=1),1,$A$44/E30) -> 1 | F44: =IF(OR(F30=1,$A$44=1),1,$A$44/F30) -> 1 | G44: =IF(OR(G30=1,$A$44=1),1,$A$44/G30) -> 1 | H44: =IF(OR(H30=1,$A$44=1),1,$A$44/H30) -> 1 | I44: =IF(OR(I30=1,$A$44=1),1,$A$44/I30) -> 1 | J44: =IF(OR(J30=1,$A$44=1),1,$A$44/J30) -> 1 | ... Q44: =IF(OR(Q30=1,$A$44=1),1,$A$44/Q30) -> 1 | R44: =IF(A44=1,0,(C44*D44*E44*F44*G44*H44*I44*J44*K44*L44*M44*N44*O44*P44*Q44)^(1/$E$50)) -> 0 | S44: =IF(O31=0,0,R44/$R$47) -> 0 | T44: =IF(A44=1,0,(C44*$S$5+D44*$S$6+E44*$S$7+F44*$S$8+G44*$S$9+H44*$S$10+I44*$S$11+J44*$S$12+K44*$S$13+L44*$S$14+M44*$S$15+N44*$S$16+O44*$S$17+P44*$S$18+Q44*$S$19)/S44) -> 0
A45: ='Data Kriteria'!D19 -> 1 | B45: ='Data Kriteria'!B19 -> 0 | C45: =IF(OR(C30=1,$A$45=1),1,$A$45/C30) -> 1 | D45: =IF(OR(D30=1,$A$45=1),1,$A$45/D30) -> 1 | E45: =IF(OR(E30=1,$A$45=1),1,$A$45/E30) -> 1 | F45: =IF(OR(F30=1,$A$45=1),1,$A$45/F30) -> 1 | G45: =IF(OR(G30=1,$A$45=1),1,$A$45/G30) -> 1 | H45: =IF(OR(H30=1,$A$45=1),1,$A$45/H30) -> 1 | I45: =IF(OR(I30=1,$A$45=1),1,$A$45/I30) -> 1 | J45: =IF(OR(J30=1,$A$45=1),1,$A$45/J30) -> 1 | ... Q45: =IF(OR(Q30=1,$A$45=1),1,$A$45/Q30) -> 1 | R45: =IF(A45=1,0,(C45*D45*E45*F45*G45*H45*I45*J45*K45*L45*M45*N45*O45*P45*Q45)^(1/$E$50)) -> 0 | S45: =IF(P31=0,0,R45/$R$47) -> 0 | T45: =IF(A45=1,0,(C45*$S$5+D45*$S$6+E45*$S$7+F45*$S$8+G45*$S$9+H45*$S$10+I45*$S$11+J45*$S$12+K45*$S$13+L45*$S$14+M45*$S$15+N45*$S$16+O45*$S$17+P45*$S$18+Q45*$S$19)/S45) -> 0
A46: ='Data Kriteria'!D20 -> 1 | B46: ='Data Kriteria'!B20 -> 0 | C46: =IF(OR(C30=1,$A$46=1),1,$A$46/C30) -> 1 | D46: =IF(OR(D30=1,$A$46=1),1,$A$46/D30) -> 1 | E46: =IF(OR(E30=1,$A$46=1),1,$A$46/E30) -> 1 | F46: =IF(OR(F30=1,$A$46=1),1,$A$46/F30) -> 1 | G46: =IF(OR(G30=1,$A$46=1),1,$A$46/G30) -> 1 | H46: =IF(OR(H30=1,$A$46=1),1,$A$46/H30) -> 1 | I46: =IF(OR(I30=1,$A$46=1),1,$A$46/I30) -> 1 | J46: =IF(OR(J30=1,$A$46=1),1,$A$46/J30) -> 1 | ... Q46: =IF(OR(Q30=1,$A$46=1),1,$A$46/Q30) -> 1 | R46: =IF(A46=1,0,(C46*D46*E46*F46*G46*H46*I46*J46*K46*L46*M46*N46*O46*P46*Q46)^(1/$E$50)) -> 0 | S46: =IF(Q31=0,0,R46/$R$47) -> 0 | T46: =IF(A46=1,0,(C46*$S$5+D46*$S$6+E46*$S$7+F46*$S$8+G46*$S$9+H46*$S$10+I46*$S$11+J46*$S$12+K46*$S$13+L46*$S$14+M46*$S$15+N46*$S$16+O46*$S$17+P46*$S$18+Q46*$S$19)/S46) -> 0
R47: =SUM(R32:R46) -> 0 | S47: =SUM(S32:S46) -> 0 | T47: =MAX(T32:T46) -> 0
S49: λ avg/max | T49: =T47 -> 0
B50: TABEL RANDOM INDEX SAATY | E50: =E23 -> 0 | S50: CI | T50: =(T49-E50)/(E50-1) -> 0
S51: RI | T51: =IF(E50=E52,E53,IF(E50=F52,F53,IF(E50=G52,G53,IF(E50=H52,H53,IF(E50=I52,I53,IF(E50=J52,J53,IF(E50=K52,K53,IF(E50=L52,L53,IF(E50=M52,M53,IF(E50=N52,N53,IF(E50=O52,O53,IF(E50=P52,P53,IF(E50=Q52,Q53))))))))))))) -> FALSE
B52: N | C52: 1 | D52: 2 | E52: 3 | F52: 4 | G52: 5 | H52: 6 | I52: 7 | J52: 8 | K52: 9 | L52: 10 | M52: 11 | N52: 12 | O52: 13 | P52: 14 | Q52: 15 | S52: CR | T52: =T50/T51 -> #DIV/0!
B53: RI | C53: 0 | D53: 0 | E53: 0.58 | F53: 0.9 | G53: 1.12 | H53: 1.24 | I53: 1.32 | J53: 1.41 | K53: 1.45 | L53: 1.49 | M53: 1.51 | N53: 1.54 | O53: 1.56 | P53: 1.57 | Q53: 1.58
S54: Konsisten | T54: IF CR < 1
A56: KRITERIA | B56: ='Data Kriteria'!E5 -> 0
C57: {=TRANSPOSE(A59:A73)} -> 1 | D57: 1 | E57: 1 | F57: 1 | G57: 1 | H57: 1 | I57: 1 | J57: 1 | K57: 1 | L57: 1 | M57: 1 | N57: 1 | O57: 1 | P57: 1 | Q57: 1
B58: 3 | C58: {=TRANSPOSE(B59:B73)} -> 0 | D58: 0 | E58: 0 | F58: 0 | G58: 0 | H58: 0 | I58: 0 | J58: 0 | K58: 0 | L58: 0 | M58: 0 | N58: 0 | O58: 0 | P58: 0 | Q58: 0 | R58: nth root | S58: Eigenvector | T58: Eigen value
A59: ='Data Kriteria'!E6 -> 1 | B59: ='Data Kriteria'!B6 -> 0 | C59: =IF(OR(C57=1,$A$59=1),1,$A$59/C57) -> 1 | D59: =IF(OR(D57=1,$A$59=1),1,$A$59/D57) -> 1 | E59: =IF(OR(E57=1,$A$59=1),1,$A$59/E57) -> 1 | F59: =IF(OR(F57=1,$A$59=1),1,$A$59/F57) -> 1 | G59: =IF(OR(G57=1,$A$59=1),1,$A$59/G57) -> 1 | H59: =IF(OR(H57=1,$A$59=1),1,$A$59/H57) -> 1 | I59: =IF(OR(I57=1,$A$59=1),1,$A$59/I57) -> 1 | J59: =IF(OR(J57=1,$A$59=1),1,$A$59/J57) -> 1 | ... Q59: =IF(OR(Q57=1,$A$59=1),1,$A$59/Q57) -> 1 | R59: =IF(A59=1,0,(C59*D59*E59*F59*G59*H59*I59*J59*K59*L59*M59*N59*O59*P59*Q59)^(1/$E$77)) -> 0 | S59: =IF(C58=0,0,R59/$R$74) -> 0 | T59: =IF(A59=1,0,(C59*$S$59+D59*$S$60+E59*$S$61+F59*$S$62+G59*$S$63+H59*$S$64+I59*$S$65+J59*$S$66+K59*$S$67+L59*$S$68+M59*$S$69+N59*$S$70+O59*$S$71+P59*$S$72+Q59*$S$73)/S59) -> 0
A60: ='Data Kriteria'!E7 -> 1 | B60: ='Data Kriteria'!B7 -> 0 | C60: =IF(OR(C57=1,$A$60=1),1,$A$60/C57) -> 1 | D60: =IF(OR(D57=1,$A$60=1),1,$A$60/D57) -> 1 | E60: =IF(OR(E57=1,$A$60=1),1,$A$60/E57) -> 1 | F60: =IF(OR(F57=1,$A$60=1),1,$A$60/F57) -> 1 | G60: =IF(OR(G57=1,$A$60=1),1,$A$60/G57) -> 1 | H60: =IF(OR(H57=1,$A$60=1),1,$A$60/H57) -> 1 | I60: =IF(OR(I57=1,$A$60=1),1,$A$60/I57) -> 1 | J60: =IF(OR(J57=1,$A$60=1),1,$A$60/J57) -> 1 | ... Q60: =IF(OR(Q57=1,$A$60=1),1,$A$60/Q57) -> 1 | R60: =IF(A60=1,0,(C60*D60*E60*F60*G60*H60*I60*J60*K60*L60*M60*N60*O60*P60*Q60)^(1/$E$77)) -> 0 | S60: =IF(D58=0,0,R60/$R$74) -> 0 | T60: =IF(A60=1,0,(C60*$S$59+D60*$S$60+E60*$S$61+F60*$S$62+G60*$S$63+H60*$S$64+I60*$S$65+J60*$S$66+K60*$S$67+L60*$S$68+M60*$S$69+N60*$S$70+O60*$S$71+P60*$S$72+Q60*$S$73)/S60) -> 0
A61: ='Data Kriteria'!E8 -> 1 | B61: ='Data Kriteria'!B8 -> 0 | C61: =IF(OR(C57=1,$A$61=1),1,$A$61/C57) -> 1 | D61: =IF(OR(D57=1,$A$61=1),1,$A$61/D57) -> 1 | E61: =IF(OR(E57=1,$A$61=1),1,$A$61/E57) -> 1 | F61: =IF(OR(F57=1,$A$61=1),1,$A$61/F57) -> 1 | G61: =IF(OR(G57=1,$A$61=1),1,$A$61/G57) -> 1 | H61: =IF(OR(H57=1,$A$61=1),1,$A$61/H57) -> 1 | I61: =IF(OR(I57=1,$A$61=1),1,$A$61/I57) -> 1 | J61: =IF(OR(J57=1,$A$61=1),1,$A$61/J57) -> 1 | ... Q61: =IF(OR(Q57=1,$A$61=1),1,$A$61/Q57) -> 1 | R61: =IF(A61=1,0,(C61*D61*E61*F61*G61*H61*I61*J61*K61*L61*M61*N61*O61*P61*Q61)^(1/$E$77)) -> 0 | S61: =IF(E58=0,0,R61/$R$74) -> 0 | T61: =IF(A61=1,0,(C61*$S$59+D61*$S$60+E61*$S$61+F61*$S$62+G61*$S$63+H61*$S$64+I61*$S$65+J61*$S$66+K61*$S$67+L61*$S$68+M61*$S$69+N61*$S$70+O61*$S$71+P61*$S$72+Q61*$S$73)/S61) -> 0
A62: ='Data Kriteria'!E9 -> 1 | B62: ='Data Kriteria'!B9 -> 0 | C62: =IF(OR(C57=1,$A$62=1),1,$A$62/C57) -> 1 | D62: =IF(OR(D57=1,$A$62=1),1,$A$62/D57) -> 1 | E62: =IF(OR(E57=1,$A$62=1),1,$A$62/E57) -> 1 | F62: =IF(OR(F57=1,$A$62=1),1,$A$62/F57) -> 1 | G62: =IF(OR(G57=1,$A$62=1),1,$A$62/G57) -> 1 | H62: =IF(OR(H57=1,$A$62=1),1,$A$62/H57) -> 1 | I62: =IF(OR(I57=1,$A$62=1),1,$A$62/I57) -> 1 | J62: =IF(OR(J57=1,$A$62=1),1,$A$62/J57) -> 1 | ... Q62: =IF(OR(Q57=1,$A$62=1),1,$A$62/Q57) -> 1 | R62: =IF(A62=1,0,(C62*D62*E62*F62*G62*H62*I62*J62*K62*L62*M62*N62*O62*P62*Q62)^(1/$E$77)) -> 0 | S62: =IF(F58=0,0,R62/$R$74) -> 0 | T62: =IF(A62=1,0,(C62*$S$59+D62*$S$60+E62*$S$61+F62*$S$62+G62*$S$63+H62*$S$64+I62*$S$65+J62*$S$66+K62*$S$67+L62*$S$68+M62*$S$69+N62*$S$70+O62*$S$71+P62*$S$72+Q62*$S$73)/S62) -> 0
A63: ='Data Kriteria'!E10 -> 1 | B63: ='Data Kriteria'!B10 -> 0 | C63: =IF(OR(C57=1,$A$63=1),1,$A$63/C57) -> 1 | D63: =IF(OR(D57=1,$A$63=1),1,$A$63/D57) -> 1 | E63: =IF(OR(E57=1,$A$63=1),1,$A$63/E57) -> 1 | F63: =IF(OR(F57=1,$A$63=1),1,$A$63/F57) -> 1 | G63: =IF(OR(G57=1,$A$63=1),1,$A$63/G57) -> 1 | H63: =IF(OR(H57=1,$A$63=1),1,$A$63/H57) -> 1 | I63: =IF(OR(I57=1,$A$63=1),1,$A$63/I57) -> 1 | J63: =IF(OR(J57=1,$A$63=1),1,$A$63/J57) -> 1 | ... Q63: =IF(OR(Q57=1,$A$63=1),1,$A$63/Q57) -> 1 | R63: =IF(A63=1,0,(C63*D63*E63*F63*G63*H63*I63*J63*K63*L63*M63*N63*O63*P63*Q63)^(1/$E$77)) -> 0 | S63: =IF(G58=0,0,R63/$R$74) -> 0 | T63: =IF(A63=1,0,(C63*$S$59+D63*$S$60+E63*$S$61+F63*$S$62+G63*$S$63+H63*$S$64+I63*$S$65+J63*$S$66+K63*$S$67+L63*$S$68+M63*$S$69+N63*$S$70+O63*$S$71+P63*$S$72+Q63*$S$73)/S63) -> 0
A64: ='Data Kriteria'!E11 -> 1 | B64: ='Data Kriteria'!B11 -> 0 | C64: =IF(OR(C57=1,$A$64=1),1,$A$64/C57) -> 1 | D64: =IF(OR(D57=1,$A$64=1),1,$A$64/D57) -> 1 | E64: =IF(OR(E57=1,$A$64=1),1,$A$64/E57) -> 1 | F64: =IF(OR(F57=1,$A$64=1),1,$A$64/F57) -> 1 | G64: =IF(OR(G57=1,$A$64=1),1,$A$64/G57) -> 1 | H64: =IF(OR(H57=1,$A$64=1),1,$A$64/H57) -> 1 | I64: =IF(OR(I57=1,$A$64=1),1,$A$64/I57) -> 1 | J64: =IF(OR(J57=1,$A$64=1),1,$A$64/J57) -> 1 | ... Q64: =IF(OR(Q57=1,$A$64=1),1,$A$64/Q57) -> 1 | R64: =IF(A64=1,0,(C64*D64*E64*F64*G64*H64*I64*J64*K64*L64*M64*N64*O64*P64*Q64)^(1/$E$77)) -> 0 | S64: =IF(H58=0,0,R64/$R$74) -> 0 | T64: =IF(A64=1,0,(C64*$S$59+D64*$S$60+E64*$S$61+F64*$S$62+G64*$S$63+H64*$S$64+I64*$S$65+J64*$S$66+K64*$S$67+L64*$S$68+M64*$S$69+N64*$S$70+O64*$S$71+P64*$S$72+Q64*$S$73)/S64) -> 0
A65: ='Data Kriteria'!E12 -> 1 | B65: ='Data Kriteria'!B12 -> 0 | C65: =IF(OR(C57=1,$A$65=1),1,$A$65/C57) -> 1 | D65: =IF(OR(D57=1,$A$65=1),1,$A$65/D57) -> 1 | E65: =IF(OR(E57=1,$A$65=1),1,$A$65/E57) -> 1 | F65: =IF(OR(F57=1,$A$65=1),1,$A$65/F57) -> 1 | G65: =IF(OR(G57=1,$A$65=1),1,$A$65/G57) -> 1 | H65: =IF(OR(H57=1,$A$65=1),1,$A$65/H57) -> 1 | I65: =IF(OR(I57=1,$A$65=1),1,$A$65/I57) -> 1 | J65: =IF(OR(J57=1,$A$65=1),1,$A$65/J57) -> 1 | ... Q65: =IF(OR(Q57=1,$A$65=1),1,$A$65/Q57) -> 1 | R65: =IF(A65=1,0,(C65*D65*E65*F65*G65*H65*I65*J65*K65*L65*M65*N65*O65*P65*Q65)^(1/$E$77)) -> 0 | S65: =IF(I58=0,0,R65/$R$74) -> 0 | T65: =IF(A65=1,0,(C65*$S$59+D65*$S$60+E65*$S$61+F65*$S$62+G65*$S$63+H65*$S$64+I65*$S$65+J65*$S$66+K65*$S$67+L65*$S$68+M65*$S$69+N65*$S$70+O65*$S$71+P65*$S$72+Q65*$S$73)/S65) -> 0
A66: ='Data Kriteria'!E13 -> 1 | B66: ='Data Kriteria'!B13 -> 0 | C66: =IF(OR(C57=1,$A$66=1),1,$A$66/C57) -> 1 | D66: =IF(OR(D57=1,$A$66=1),1,$A$66/D57) -> 1 | E66: =IF(OR(E57=1,$A$66=1),1,$A$66/E57) -> 1 | F66: =IF(OR(F57=1,$A$66=1),1,$A$66/F57) -> 1 | G66: =IF(OR(G57=1,$A$66=1),1,$A$66/G57) -> 1 | H66: =IF(OR(H57=1,$A$66=1),1,$A$66/H57) -> 1 | I66: =IF(OR(I57=1,$A$66=1),1,$A$66/I57) -> 1 | J66: =IF(OR(J57=1,$A$66=1),1,$A$66/J57) -> 1 | ... Q66: =IF(OR(Q57=1,$A$66=1),1,$A$66/Q57) -> 1 | R66: =IF(A66=1,0,(C66*D66*E66*F66*G66*H66*I66*J66*K66*L66*M66*N66*O66*P66*Q66)^(1/$E$77)) -> 0 | S66: =IF(J58=0,0,R66/$R$74) -> 0 | T66: =IF(A66=1,0,(C66*$S$59+D66*$S$60+E66*$S$61+F66*$S$62+G66*$S$63+H66*$S$64+I66*$S$65+J66*$S$66+K66*$S$67+L66*$S$68+M66*$S$69+N66*$S$70+O66*$S$71+P66*$S$72+Q66*$S$73)/S66) -> 0
A67: ='Data Kriteria'!E14 -> 1 | B67: ='Data Kriteria'!B14 -> 0 | C67: =IF(OR(C57=1,$A$67=1),1,$A$67/C57) -> 1 | D67: =IF(OR(D57=1,$A$67=1),1,$A$67/D57) -> 1 | E67: =IF(OR(E57=1,$A$67=1),1,$A$67/E57) -> 1 | F67: =IF(OR(F57=1,$A$67=1),1,$A$67/F57) -> 1 | G67: =IF(OR(G57=1,$A$67=1),1,$A$67/G57) -> 1 | H67: =IF(OR(H57=1,$A$67=1),1,$A$67/H57) -> 1 | I67: =IF(OR(I57=1,$A$67=1),1,$A$67/I57) -> 1 | J67: =IF(OR(J57=1,$A$67=1),1,$A$67/J57) -> 1 | ... Q67: =IF(OR(Q57=1,$A$67=1),1,$A$67/Q57) -> 1 | R67: =IF(A67=1,0,(C67*D67*E67*F67*G67*H67*I67*J67*K67*L67*M67*N67*O67*P67*Q67)^(1/$E$77)) -> 0 | S67: =IF(K58=0,0,R67/$R$74) -> 0 | T67: =IF(A67=1,0,(C67*$S$59+D67*$S$60+E67*$S$61+F67*$S$62+G67*$S$63+H67*$S$64+I67*$S$65+J67*$S$66+K67*$S$67+L67*$S$68+M67*$S$69+N67*$S$70+O67*$S$71+P67*$S$72+Q67*$S$73)/S67) -> 0
A68: ='Data Kriteria'!E15 -> 1 | B68: ='Data Kriteria'!B15 -> 0 | C68: =IF(OR(C57=1,$A$68=1),1,$A$68/C57) -> 1 | D68: =IF(OR(D57=1,$A$68=1),1,$A$68/D57) -> 1 | E68: =IF(OR(E57=1,$A$68=1),1,$A$68/E57) -> 1 | F68: =IF(OR(F57=1,$A$68=1),1,$A$68/F57) -> 1 | G68: =IF(OR(G57=1,$A$68=1),1,$A$68/G57) -> 1 | H68: =IF(OR(H57=1,$A$68=1),1,$A$68/H57) -> 1 | I68: =IF(OR(I57=1,$A$68=1),1,$A$68/I57) -> 1 | J68: =IF(OR(J57=1,$A$68=1),1,$A$68/J57) -> 1 | ... Q68: =IF(OR(Q57=1,$A$68=1),1,$A$68/Q57) -> 1 | R68: =IF(A68=1,0,(C68*D68*E68*F68*G68*H68*I68*J68*K68*L68*M68*N68*O68*P68*Q68)^(1/$E$77)) -> 0 | S68: =IF(L58=0,0,R68/$R$74) -> 0 | T68: =IF(A68=1,0,(C68*$S$59+D68*$S$60+E68*$S$61+F68*$S$62+G68*$S$63+H68*$S$64+I68*$S$65+J68*$S$66+K68*$S$67+L68*$S$68+M68*$S$69+N68*$S$70+O68*$S$71+P68*$S$72+Q68*$S$73)/S68) -> 0
A69: ='Data Kriteria'!E16 -> 1 | B69: ='Data Kriteria'!B16 -> 0 | C69: =IF(OR(C57=1,$A$69=1),1,$A$69/C57) -> 1 | D69: =IF(OR(D57=1,$A$69=1),1,$A$69/D57) -> 1 | E69: =IF(OR(E57=1,$A$69=1),1,$A$69/E57) -> 1 | F69: =IF(OR(F57=1,$A$69=1),1,$A$69/F57) -> 1 | G69: =IF(OR(G57=1,$A$69=1),1,$A$69/G57) -> 1 | H69: =IF(OR(H57=1,$A$69=1),1,$A$69/H57) -> 1 | I69: =IF(OR(I57=1,$A$69=1),1,$A$69/I57) -> 1 | J69: =IF(OR(J57=1,$A$69=1),1,$A$69/J57) -> 1 | ... Q69: =IF(OR(Q57=1,$A$69=1),1,$A$69/Q57) -> 1 | R69: =IF(A69=1,0,(C69*D69*E69*F69*G69*H69*I69*J69*K69*L69*M69*N69*O69*P69*Q69)^(1/$E$77)) -> 0 | S69: =IF(M58=0,0,R69/$R$74) -> 0 | T69: =IF(A69=1,0,(C69*$S$59+D69*$S$60+E69*$S$61+F69*$S$62+G69*$S$63+H69*$S$64+I69*$S$65+J69*$S$66+K69*$S$67+L69*$S$68+M69*$S$69+N69*$S$70+O69*$S$71+P69*$S$72+Q69*$S$73)/S69) -> 0
A70: ='Data Kriteria'!E17 -> 1 | B70: ='Data Kriteria'!B17 -> 0 | C70: =IF(OR(C57=1,$A$70=1),1,$A$70/C57) -> 1 | D70: =IF(OR(D57=1,$A$70=1),1,$A$70/D57) -> 1 | E70: =IF(OR(E57=1,$A$70=1),1,$A$70/E57) -> 1 | F70: =IF(OR(F57=1,$A$70=1),1,$A$70/F57) -> 1 | G70: =IF(OR(G57=1,$A$70=1),1,$A$70/G57) -> 1 | H70: =IF(OR(H57=1,$A$70=1),1,$A$70/H57) -> 1 | I70: =IF(OR(I57=1,$A$70=1),1,$A$70/I57) -> 1 | J70: =IF(OR(J57=1,$A$70=1),1,$A$70/J57) -> 1 | ... Q70: =IF(OR(Q57=1,$A$70=1),1,$A$70/Q57) -> 1 | R70: =IF(A70=1,0,(C70*D70*E70*F70*G70*H70*I70*J70*K70*L70*M70*N70*O70*P70*Q70)^(1/$E$77)) -> 0 | S70: =IF(N58=0,0,R70/$R$74) -> 0 | T70: =IF(A70=1,0,(C70*$S$59+D70*$S$60+E70*$S$61+F70*$S$62+G70*$S$63+H70*$S$64+I70*$S$65+J70*$S$66+K70*$S$67+L70*$S$68+M70*$S$69+N70*$S$70+O70*$S$71+P70*$S$72+Q70*$S$73)/S70) -> 0
A71: ='Data Kriteria'!E18 -> 1 | B71: ='Data Kriteria'!B18 -> 0 | C71: =IF(OR(C57=1,$A$71=1),1,$A$71/C57) -> 1 | D71: =IF(OR(D57=1,$A$71=1),1,$A$71/D57) -> 1 | E71: =IF(OR(E57=1,$A$71=1),1,$A$71/E57) -> 1 | F71: =IF(OR(F57=1,$A$71=1),1,$A$71/F57) -> 1 | G71: =IF(OR(G57=1,$A$71=1),1,$A$71/G57) -> 1 | H71: =IF(OR(H57=1,$A$71=1),1,$A$71/H57) -> 1 | I71: =IF(OR(I57=1,$A$71=1),1,$A$71/I57) -> 1 | J71: =IF(OR(J57=1,$A$71=1),1,$A$71/J57) -> 1 | ... Q71: =IF(OR(Q57=1,$A$71=1),1,$A$71/Q57) -> 1 | R71: =IF(A71=1,0,(C71*D71*E71*F71*G71*H71*I71*J71*K71*L71*M71*N71*O71*P71*Q71)^(1/$E$77)) -> 0 | S71: =IF(O58=0,0,R71/$R$74) -> 0 | T71: =IF(A71=1,0,(C71*$S$59+D71*$S$60+E71*$S$61+F71*$S$62+G71*$S$63+H71*$S$64+I71*$S$65+J71*$S$66+K71*$S$67+L71*$S$68+M71*$S$69+N71*$S$70+O71*$S$71+P71*$S$72+Q71*$S$73)/S71) -> 0
A72: ='Data Kriteria'!E19 -> 1 | B72: ='Data Kriteria'!B19 -> 0 | C72: =IF(OR(C57=1,$A$72=1),1,$A$72/C57) -> 1 | D72: =IF(OR(D57=1,$A$72=1),1,$A$72/D57) -> 1 | E72: =IF(OR(E57=1,$A$72=1),1,$A$72/E57) -> 1 | F72: =IF(OR(F57=1,$A$72=1),1,$A$72/F57) -> 1 | G72: =IF(OR(G57=1,$A$72=1),1,$A$72/G57) -> 1 | H72: =IF(OR(H57=1,$A$72=1),1,$A$72/H57) -> 1 | I72: =IF(OR(I57=1,$A$72=1),1,$A$72/I57) -> 1 | J72: =IF(OR(J57=1,$A$72=1),1,$A$72/J57) -> 1 | ... Q72: =IF(OR(Q57=1,$A$72=1),1,$A$72/Q57) -> 1 | R72: =IF(A72=1,0,(C72*D72*E72*F72*G72*H72*I72*J72*K72*L72*M72*N72*O72*P72*Q72)^(1/$E$77)) -> 0 | S72: =IF(P58=0,0,R72/$R$74) -> 0 | T72: =IF(A72=1,0,(C72*$S$59+D72*$S$60+E72*$S$61+F72*$S$62+G72*$S$63+H72*$S$64+I72*$S$65+J72*$S$66+K72*$S$67+L72*$S$68+M72*$S$69+N72*$S$70+O72*$S$71+P72*$S$72+Q72*$S$73)/S72) -> 0
A73: ='Data Kriteria'!E20 -> 1 | B73: ='Data Kriteria'!B20 -> 0 | C73: =IF(OR(C57=1,$A$73=1),1,$A$73/C57) -> 1 | D73: =IF(OR(D57=1,$A$73=1),1,$A$73/D57) -> 1 | E73: =IF(OR(E57=1,$A$73=1),1,$A$73/E57) -> 1 | F73: =IF(OR(F57=1,$A$73=1),1,$A$73/F57) -> 1 | G73: =IF(OR(G57=1,$A$73=1),1,$A$73/G57) -> 1 | H73: =IF(OR(H57=1,$A$73=1),1,$A$73/H57) -> 1 | I73: =IF(OR(I57=1,$A$73=1),1,$A$73/I57) -> 1 | J73: =IF(OR(J57=1,$A$73=1),1,$A$73/J57) -> 1 | ... Q73: =IF(OR(Q57=1,$A$73=1),1,$A$73/Q57) -> 1 | R73: =IF(A73=1,0,(C73*D73*E73*F73*G73*H73*I73*J73*K73*L73*M73*N73*O73*P73*Q73)^(1/$E$77)) -> 0 | S73: =IF(Q58=0,0,R73/$R$74) -> 0 | T73: =IF(A73=1,0,(C73*$S$59+D73*$S$60+E73*$S$61+F73*$S$62+G73*$S$63+H73*$S$64+I73*$S$65+J73*$S$66+K73*$S$67+L73*$S$68+M73*$S$69+N73*$S$70+O73*$S$71+P73*$S$72+Q73*$S$73)/S73) -> 0
R74: =SUM(R59:R73) -> 0 | S74: =SUM(S59:S73) -> 0 | T74: =MAX(T59:T73) -> 0
S76: λ avg/max | T76: =T74 -> 0
B77: TABEL RANDOM INDEX SAATY | E77: =E50 -> 0 | S77: CI | T77: =(T76-E77)/(E77-1) -> 0
S78: RI | T78: =IF(E77=E79,E80,IF(E77=F79,F80,IF(E77=G79,G80,IF(E77=H79,H80,IF(E77=I79,I80,IF(E77=J79,J80,IF(E77=K79,K80,IF(E77=L79,L80,IF(E77=M79,M80,IF(E77=N79,N80,IF(E77=O79,O80,IF(E77=P79,P80,IF(E77=Q79,Q80))))))))))))) -> FALSE
B79: N | C79: 1 | D79: 2 | E79: 3 | F79: 4 | G79: 5 | H79: 6 | I79: 7 | J79: 8 | K79: 9 | L79: 10 | M79: 11 | N79: 12 | O79: 13 | P79: 14 | Q79: 15 | S79: CR | T79: =T77/T78 -> #DIV/0!
B80: RI | C80: 0 | D80: 0 | E80: 0.58 | F80: 0.9 | G80: 1.12 | H80: 1.24 | I80: 1.32 | J80: 1.41 | K80: 1.45 | L80: 1.49 | M80: 1.51 | N80: 1.54 | O80: 1.56 | P80: 1.57 | Q80: 1.58
S81: Konsisten | T81: IF CR < 1
A83: KRITERIA | B83: ='Data Kriteria'!F5 -> 0
C84: {=TRANSPOSE(A86:A100)} -> 1 | D84: 1 | E84: 1 | F84: 1 | G84: 1 | H84: 1 | I84: 1 | J84: 1 | K84: 1 | L84: 1 | M84: 1 | N84: 1 | O84: 1 | P84: 1 | Q84: 1
B85: 4 | C85: {=TRANSPOSE(B86:B100)} -> 0 | D85: 0 | E85: 0 | F85: 0 | G85: 0 | H85: 0 | I85: 0 | J85: 0 | K85: 0 | L85: 0 | M85: 0 | N85: 0 | O85: 0 | P85: 0 | Q85: 0 | R85: nth root | S85: Eigenvector | T85: Eigen value
A86: ='Data Kriteria'!F6 -> 1 | B86: ='Data Kriteria'!B6 -> 0 | C86: =IF(OR(C84=1,$A$86=1),1,$A$86/C84) -> 1 | D86: =IF(OR(D84=1,$A$86=1),1,$A$86/D84) -> 1 | E86: =IF(OR(E84=1,$A$86=1),1,$A$86/E84) -> 1 | F86: =IF(OR(F84=1,$A$86=1),1,$A$86/F84) -> 1 | G86: =IF(OR(G84=1,$A$86=1),1,$A$86/G84) -> 1 | H86: =IF(OR(H84=1,$A$86=1),1,$A$86/H84) -> 1 | I86: =IF(OR(I84=1,$A$86=1),1,$A$86/I84) -> 1 | J86: =IF(OR(J84=1,$A$86=1),1,$A$86/J84) -> 1 | ... Q86: =IF(OR(Q84=1,$A$86=1),1,$A$86/Q84) -> 1 | R86: =IF(A86=1,0,(C86*D86*E86*F86*G86*H86*I86*J86*K86*L86*M86*N86*O86*P86*Q86)^(1/$E$104)) -> 0 | S86: =IF(C85=0,0,R86/$R$101) -> 0 | T86: =IF(A86=1,0,(C86*$S$86+D86*$S$87+E86*$S$88+F86*$S$89+G86*$S$90+H86*$S$91+I86*$S$92+J86*$S$93+K86*$S$9768+L86*$S$95+M86*$S$96+N86*$S$97+O86*$S$98+P86*$S$99+Q86*$S$100)/S86) -> 0
A87: ='Data Kriteria'!F7 -> 1 | B87: ='Data Kriteria'!B7 -> 0 | C87: =IF(OR(C84=1,$A$87=1),1,$A$87/C84) -> 1 | D87: =IF(OR(D84=1,$A$87=1),1,$A$87/D84) -> 1 | E87: =IF(OR(E84=1,$A$87=1),1,$A$87/E84) -> 1 | F87: =IF(OR(F84=1,$A$87=1),1,$A$87/F84) -> 1 | G87: =IF(OR(G84=1,$A$87=1),1,$A$87/G84) -> 1 | H87: =IF(OR(H84=1,$A$87=1),1,$A$87/H84) -> 1 | I87: =IF(OR(I84=1,$A$87=1),1,$A$87/I84) -> 1 | J87: =IF(OR(J84=1,$A$87=1),1,$A$87/J84) -> 1 | ... Q87: =IF(OR(Q84=1,$A$87=1),1,$A$87/Q84) -> 1 | R87: =IF(A87=1,0,(C87*D87*E87*F87*G87*H87*I87*J87*K87*L87*M87*N87*O87*P87*Q87)^(1/$E$104)) -> 0 | S87: =IF(D85=0,0,R87/$R$101) -> 0 | T87: =IF(A87=1,0,(C87*$S$86+D87*$S$87+E87*$S$88+F87*$S$89+G87*$S$90+H87*$S$91+I87*$S$92+J87*$S$93+K87*$S$9768+L87*$S$95+M87*$S$96+N87*$S$97+O87*$S$98+P87*$S$99+Q87*$S$100)/S87) -> 0
A88: ='Data Kriteria'!F8 -> 1 | B88: ='Data Kriteria'!B8 -> 0 | C88: =IF(OR(C84=1,$A$88=1),1,$A$88/C84) -> 1 | D88: =IF(OR(D84=1,$A$88=1),1,$A$88/D84) -> 1 | E88: =IF(OR(E84=1,$A$88=1),1,$A$88/E84) -> 1 | F88: =IF(OR(F84=1,$A$88=1),1,$A$88/F84) -> 1 | G88: =IF(OR(G84=1,$A$88=1),1,$A$88/G84) -> 1 | H88: =IF(OR(H84=1,$A$88=1),1,$A$88/H84) -> 1 | I88: =IF(OR(I84=1,$A$88=1),1,$A$88/I84) -> 1 | J88: =IF(OR(J84=1,$A$88=1),1,$A$88/J84) -> 1 | ... Q88: =IF(OR(Q84=1,$A$88=1),1,$A$88/Q84) -> 1 | R88: =IF(A88=1,0,(C88*D88*E88*F88*G88*H88*I88*J88*K88*L88*M88*N88*O88*P88*Q88)^(1/$E$104)) -> 0 | S88: =IF(E85=0,0,R88/$R$101) -> 0 | T88: =IF(A88=1,0,(C88*$S$86+D88*$S$87+E88*$S$88+F88*$S$89+G88*$S$90+H88*$S$91+I88*$S$92+J88*$S$93+K88*$S$9768+L88*$S$95+M88*$S$96+N88*$S$97+O88*$S$98+P88*$S$99+Q88*$S$100)/S88) -> 0
A89: ='Data Kriteria'!F9 -> 1 | B89: ='Data Kriteria'!B9 -> 0 | C89: =IF(OR(C84=1,$A$89=1),1,$A$89/C84) -> 1 | D89: =IF(OR(D84=1,$A$89=1),1,$A$89/D84) -> 1 | E89: =IF(OR(E84=1,$A$89=1),1,$A$89/E84) -> 1 | F89: =IF(OR(F84=1,$A$89=1),1,$A$89/F84) -> 1 | G89: =IF(OR(G84=1,$A$89=1),1,$A$89/G84) -> 1 | H89: =IF(OR(H84=1,$A$89=1),1,$A$89/H84) -> 1 | I89: =IF(OR(I84=1,$A$89=1),1,$A$89/I84) -> 1 | J89: =IF(OR(J84=1,$A$89=1),1,$A$89/J84) -> 1 | ... Q89: =IF(OR(Q84=1,$A$89=1),1,$A$89/Q84) -> 1 | R89: =IF(A89=1,0,(C89*D89*E89*F89*G89*H89*I89*J89*K89*L89*M89*N89*O89*P89*Q89)^(1/$E$104)) -> 0 | S89: =IF(F85=0,0,R89/$R$101) -> 0 | T89: =IF(A89=1,0,(C89*$S$86+D89*$S$87+E89*$S$88+F89*$S$89+G89*$S$90+H89*$S$91+I89*$S$92+J89*$S$93+K89*$S$9768+L89*$S$95+M89*$S$96+N89*$S$97+O89*$S$98+P89*$S$99+Q89*$S$100)/S89) -> 0
A90: ='Data Kriteria'!F10 -> 1 | B90: ='Data Kriteria'!B10 -> 0 | C90: =IF(OR(C84=1,$A$90=1),1,$A$90/C84) -> 1 | D90: =IF(OR(D84=1,$A$90=1),1,$A$90/D84) -> 1 | E90: =IF(OR(E84=1,$A$90=1),1,$A$90/E84) -> 1 | F90: =IF(OR(F84=1,$A$90=1),1,$A$90/F84) -> 1 | G90: =IF(OR(G84=1,$A$90=1),1,$A$90/G84) -> 1 | H90: =IF(OR(H84=1,$A$90=1),1,$A$90/H84) -> 1 | I90: =IF(OR(I84=1,$A$90=1),1,$A$90/I84) -> 1 | J90: =IF(OR(J84=1,$A$90=1),1,$A$90/J84) -> 1 | ... Q90: =IF(OR(Q84=1,$A$90=1),1,$A$90/Q84) -> 1 | R90: =IF(A90=1,0,(C90*D90*E90*F90*G90*H90*I90*J90*K90*L90*M90*N90*O90*P90*Q90)^(1/$E$104)) -> 0 | S90: =IF(G85=0,0,R90/$R$101) -> 0 | T90: =IF(A90=1,0,(C90*$S$86+D90*$S$87+E90*$S$88+F90*$S$89+G90*$S$90+H90*$S$91+I90*$S$92+J90*$S$93+K90*$S$9768+L90*$S$95+M90*$S$96+N90*$S$97+O90*$S$98+P90*$S$99+Q90*$S$100)/S90) -> 0
A91: ='Data Kriteria'!F11 -> 1 | B91: ='Data Kriteria'!B11 -> 0 | C91: =IF(OR(C84=1,$A$91=1),1,$A$91/C84) -> 1 | D91: =IF(OR(D84=1,$A$91=1),1,$A$91/D84) -> 1 | E91: =IF(OR(E84=1,$A$91=1),1,$A$91/E84) -> 1 | F91: =IF(OR(F84=1,$A$91=1),1,$A$91/F84) -> 1 | G91: =IF(OR(G84=1,$A$91=1),1,$A$91/G84) -> 1 | H91: =IF(OR(H84=1,$A$91=1),1,$A$91/H84) -> 1 | I91: =IF(OR(I84=1,$A$91=1),1,$A$91/I84) -> 1 | J91: =IF(OR(J84=1,$A$91=1),1,$A$91/J84) -> 1 | ... Q91: =IF(OR(Q84=1,$A$91=1),1,$A$91/Q84) -> 1 | R91: =IF(A91=1,0,(C91*D91*E91*F91*G91*H91*I91*J91*K91*L91*M91*N91*O91*P91*Q91)^(1/$E$104)) -> 0 | S91: =IF(H85=0,0,R91/$R$101) -> 0 | T91: =IF(A91=1,0,(C91*$S$86+D91*$S$87+E91*$S$88+F91*$S$89+G91*$S$90+H91*$S$91+I91*$S$92+J91*$S$93+K91*$S$9768+L91*$S$95+M91*$S$96+N91*$S$97+O91*$S$98+P91*$S$99+Q91*$S$100)/S91) -> 0
A92: ='Data Kriteria'!F12 -> 1 | B92: ='Data Kriteria'!B12 -> 0 | C92: =IF(OR(C84=1,$A$92=1),1,$A$92/C84) -> 1 | D92: =IF(OR(D84=1,$A$92=1),1,$A$92/D84) -> 1 | E92: =IF(OR(E84=1,$A$92=1),1,$A$92/E84) -> 1 | F92: =IF(OR(F84=1,$A$92=1),1,$A$92/F84) -> 1 | G92: =IF(OR(G84=1,$A$92=1),1,$A$92/G84) -> 1 | H92: =IF(OR(H84=1,$A$92=1),1,$A$92/H84) -> 1 | I92: =IF(OR(I84=1,$A$92=1),1,$A$92/I84) -> 1 | J92: =IF(OR(J84=1,$A$92=1),1,$A$92/J84) -> 1 | ... Q92: =IF(OR(Q84=1,$A$92=1),1,$A$92/Q84) -> 1 | R92: =IF(A92=1,0,(C92*D92*E92*F92*G92*H92*I92*J92*K92*L92*M92*N92*O92*P92*Q92)^(1/$E$104)) -> 0 | S92: =IF(I85=0,0,R92/$R$101) -> 0 | T92: =IF(A92=1,0,(C92*$S$86+D92*$S$87+E92*$S$88+F92*$S$89+G92*$S$90+H92*$S$91+I92*$S$92+J92*$S$93+K92*$S$9768+L92*$S$95+M92*$S$96+N92*$S$97+O92*$S$98+P92*$S$99+Q92*$S$100)/S92) -> 0
A93: ='Data Kriteria'!F13 -> 1 | B93: ='Data Kriteria'!B13 -> 0 | C93: =IF(OR(C84=1,$A$93=1),1,$A$93/C84) -> 1 | D93: =IF(OR(D84=1,$A$93=1),1,$A$93/D84) -> 1 | E93: =IF(OR(E84=1,$A$93=1),1,$A$93/E84) -> 1 | F93: =IF(OR(F84=1,$A$93=1),1,$A$93/F84) -> 1 | G93: =IF(OR(G84=1,$A$93=1),1,$A$93/G84) -> 1 | H93: =IF(OR(H84=1,$A$93=1),1,$A$93/H84) -> 1 | I93: =IF(OR(I84=1,$A$93=1),1,$A$93/I84) -> 1 | J93: =IF(OR(J84=1,$A$93=1),1,$A$93/J84) -> 1 | ... Q93: =IF(OR(Q84=1,$A$93=1),1,$A$93/Q84) -> 1 | R93: =IF(A93=1,0,(C93*D93*E93*F93*G93*H93*I93*J93*K93*L93*M93*N93*O93*P93*Q93)^(1/$E$104)) -> 0 | S93: =IF(J85=0,0,R93/$R$101) -> 0 | T93: =IF(A93=1,0,(C93*$S$86+D93*$S$87+E93*$S$88+F93*$S$89+G93*$S$90+H93*$S$91+I93*$S$92+J93*$S$93+K93*$S$9768+L93*$S$95+M93*$S$96+N93*$S$97+O93*$S$98+P93*$S$99+Q93*$S$100)/S93) -> 0
A94: ='Data Kriteria'!F14 -> 1 | B94: ='Data Kriteria'!B14 -> 0 | C94: =IF(OR(C84=1,$A$94=1),1,$A$94/C84) -> 1 | D94: =IF(OR(D84=1,$A$94=1),1,$A$94/D84) -> 1 | E94: =IF(OR(E84=1,$A$94=1),1,$A$94/E84) -> 1 | F94: =IF(OR(F84=1,$A$94=1),1,$A$94/F84) -> 1 | G94: =IF(OR(G84=1,$A$94=1),1,$A$94/G84) -> 1 | H94: =IF(OR(H84=1,$A$94=1),1,$A$94/H84) -> 1 | I94: =IF(OR(I84=1,$A$94=1),1,$A$94/I84) -> 1 | J94: =IF(OR(J84=1,$A$94=1),1,$A$94/J84) -> 1 | ... Q94: =IF(OR(Q84=1,$A$94=1),1,$A$94/Q84) -> 1 | R94: =IF(A94=1,0,(C94*D94*E94*F94*G94*H94*I94*J94*K94*L94*M94*N94*O94*P94*Q94)^(1/$E$104)) -> 0 | S94: =IF(K85=0,0,R94/$R$101) -> 0 | T94: =IF(A94=1,0,(C94*$S$86+D94*$S$87+E94*$S$88+F94*$S$89+G94*$S$90+H94*$S$91+I94*$S$92+J94*$S$93+K94*$S$9768+L94*$S$95+M94*$S$96+N94*$S$97+O94*$S$98+P94*$S$99+Q94*$S$100)/S94) -> 0
A95: ='Data Kriteria'!F15 -> 1 | B95: ='Data Kriteria'!B15 -> 0 | C95: =IF(OR(C84=1,$A$95=1),1,$A$95/C84) -> 1 | D95: =IF(OR(D84=1,$A$95=1),1,$A$95/D84) -> 1 | E95: =IF(OR(E84=1,$A$95=1),1,$A$95/E84) -> 1 | F95: =IF(OR(F84=1,$A$95=1),1,$A$95/F84) -> 1 | G95: =IF(OR(G84=1,$A$95=1),1,$A$95/G84) -> 1 | H95: =IF(OR(H84=1,$A$95=1),1,$A$95/H84) -> 1 | I95: =IF(OR(I84=1,$A$95=1),1,$A$95/I84) -> 1 | J95: =IF(OR(J84=1,$A$95=1),1,$A$95/J84) -> 1 | ... Q95: =IF(OR(Q84=1,$A$95=1),1,$A$95/Q84) -> 1 | R95: =IF(A95=1,0,(C95*D95*E95*F95*G95*H95*I95*J95*K95*L95*M95*N95*O95*P95*Q95)^(1/$E$104)) -> 0 | S95: =IF(L85=0,0,R95/$R$101) -> 0 | T95: =IF(A95=1,0,(C95*$S$86+D95*$S$87+E95*$S$88+F95*$S$89+G95*$S$90+H95*$S$91+I95*$S$92+J95*$S$93+K95*$S$9768+L95*$S$95+M95*$S$96+N95*$S$97+O95*$S$98+P95*$S$99+Q95*$S$100)/S95) -> 0
A96: ='Data Kriteria'!F16 -> 1 | B96: ='Data Kriteria'!B16 -> 0 | C96: =IF(OR(C84=1,$A$96=1),1,$A$96/C84) -> 1 | D96: =IF(OR(D84=1,$A$96=1),1,$A$96/D84) -> 1 | E96: =IF(OR(E84=1,$A$96=1),1,$A$96/E84) -> 1 | F96: =IF(OR(F84=1,$A$96=1),1,$A$96/F84) -> 1 | G96: =IF(OR(G84=1,$A$96=1),1,$A$96/G84) -> 1 | H96: =IF(OR(H84=1,$A$96=1),1,$A$96/H84) -> 1 | I96: =IF(OR(I84=1,$A$96=1),1,$A$96/I84) -> 1 | J96: =IF(OR(J84=1,$A$96=1),1,$A$96/J84) -> 1 | ... Q96: =IF(OR(Q84=1,$A$96=1),1,$A$96/Q84) -> 1 | R96: =IF(A96=1,0,(C96*D96*E96*F96*G96*H96*I96*J96*K96*L96*M96*N96*O96*P96*Q96)^(1/$E$104)) -> 0 | S96: =IF(M85=0,0,R96/$R$101) -> 0 | T96: =IF(A96=1,0,(C96*$S$86+D96*$S$87+E96*$S$88+F96*$S$89+G96*$S$90+H96*$S$91+I96*$S$92+J96*$S$93+K96*$S$9768+L96*$S$95+M96*$S$96+N96*$S$97+O96*$S$98+P96*$S$99+Q96*$S$100)/S96) -> 0
A97: ='Data Kriteria'!F17 -> 1 | B97: ='Data Kriteria'!B17 -> 0 | C97: =IF(OR(C84=1,$A$97=1),1,$A$97/C84) -> 1 | D97: =IF(OR(D84=1,$A$97=1),1,$A$97/D84) -> 1 | E97: =IF(OR(E84=1,$A$97=1),1,$A$97/E84) -> 1 | F97: =IF(OR(F84=1,$A$97=1),1,$A$97/F84) -> 1 | G97: =IF(OR(G84=1,$A$97=1),1,$A$97/G84) -> 1 | H97: =IF(OR(H84=1,$A$97=1),1,$A$97/H84) -> 1 | I97: =IF(OR(I84=1,$A$97=1),1,$A$97/I84) -> 1 | J97: =IF(OR(J84=1,$A$97=1),1,$A$97/J84) -> 1 | ... Q97: =IF(OR(Q84=1,$A$97=1),1,$A$97/Q84) -> 1 | R97: =IF(A97=1,0,(C97*D97*E97*F97*G97*H97*I97*J97*K97*L97*M97*N97*O97*P97*Q97)^(1/$E$104)) -> 0 | S97: =IF(N85=0,0,R97/$R$101) -> 0 | T97: =IF(A97=1,0,(C97*$S$86+D97*$S$87+E97*$S$88+F97*$S$89+G97*$S$90+H97*$S$91+I97*$S$92+J97*$S$93+K97*$S$9768+L97*$S$95+M97*$S$96+N97*$S$97+O97*$S$98+P97*$S$99+Q97*$S$100)/S97) -> 0
A98: ='Data Kriteria'!F18 -> 1 | B98: ='Data Kriteria'!B18 -> 0 | C98: =IF(OR(C84=1,$A$98=1),1,$A$98/C84) -> 1 | D98: =IF(OR(D84=1,$A$98=1),1,$A$98/D84) -> 1 | E98: =IF(OR(E84=1,$A$98=1),1,$A$98/E84) -> 1 | F98: =IF(OR(F84=1,$A$98=1),1,$A$98/F84) -> 1 | G98: =IF(OR(G84=1,$A$98=1),1,$A$98/G84) -> 1 | H98: =IF(OR(H84=1,$A$98=1),1,$A$98/H84) -> 1 | I98: =IF(OR(I84=1,$A$98=1),1,$A$98/I84) -> 1 | J98: =IF(OR(J84=1,$A$98=1),1,$A$98/J84) -> 1 | ... Q98: =IF(OR(Q84=1,$A$98=1),1,$A$98/Q84) -> 1 | R98: =IF(A98=1,0,(C98*D98*E98*F98*G98*H98*I98*J98*K98*L98*M98*N98*O98*P98*Q98)^(1/$E$104)) -> 0 | S98: =IF(O85=0,0,R98/$R$101) -> 0 | T98: =IF(A98=1,0,(C98*$S$86+D98*$S$87+E98*$S$88+F98*$S$89+G98*$S$90+H98*$S$91+I98*$S$92+J98*$S$93+K98*$S$9768+L98*$S$95+M98*$S$96+N98*$S$97+O98*$S$98+P98*$S$99+Q98*$S$100)/S98) -> 0
A99: ='Data Kriteria'!F19 -> 1 | B99: ='Data Kriteria'!B19 -> 0 | C99: =IF(OR(C84=1,$A$99=1),1,$A$99/C84) -> 1 | D99: =IF(OR(D84=1,$A$99=1),1,$A$99/D84) -> 1 | E99: =IF(OR(E84=1,$A$99=1),1,$A$99/E84) -> 1 | F99: =IF(OR(F84=1,$A$99=1),1,$A$99/F84) -> 1 | G99: =IF(OR(G84=1,$A$99=1),1,$A$99/G84) -> 1 | H99: =IF(OR(H84=1,$A$99=1),1,$A$99/H84) -> 1 | I99: =IF(OR(I84=1,$A$99=1),1,$A$99/I84) -> 1 | J99: =IF(OR(J84=1,$A$99=1),1,$A$99/J84) -> 1 | ... Q99: =IF(OR(Q84=1,$A$99=1),1,$A$99/Q84) -> 1 | R99: =IF(A99=1,0,(C99*D99*E99*F99*G99*H99*I99*J99*K99*L99*M99*N99*O99*P99*Q99)^(1/$E$104)) -> 0 | S99: =IF(P85=0,0,R99/$R$101) -> 0 | T99: =IF(A99=1,0,(C99*$S$86+D99*$S$87+E99*$S$88+F99*$S$89+G99*$S$90+H99*$S$91+I99*$S$92+J99*$S$93+K99*$S$9768+L99*$S$95+M99*$S$96+N99*$S$97+O99*$S$98+P99*$S$99+Q99*$S$100)/S99) -> 0
A100: ='Data Kriteria'!F20 -> 1 | B100: ='Data Kriteria'!B20 -> 0 | C100: =IF(OR(C84=1,$A$100=1),1,$A$100/C84) -> 1 | D100: =IF(OR(D84=1,$A$100=1),1,$A$100/D84) -> 1 | E100: =IF(OR(E84=1,$A$100=1),1,$A$100/E84) -> 1 | F100: =IF(OR(F84=1,$A$100=1),1,$A$100/F84) -> 1 | G100: =IF(OR(G84=1,$A$100=1),1,$A$100/G84) -> 1 | H100: =IF(OR(H84=1,$A$100=1),1,$A$100/H84) -> 1 | I100: =IF(OR(I84=1,$A$100=1),1,$A$100/I84) -> 1 | J100: =IF(OR(J84=1,$A$100=1),1,$A$100/J84) -> 1 | ... Q100: =IF(OR(Q84=1,$A$100=1),1,$A$100/Q84) -> 1 | R100: =IF(A100=1,0,(C100*D100*E100*F100*G100*H100*I100*J100*K100*L100*M100*N100*O100*P100*Q100)^(1/$E$104)) -> 0 | S100: =IF(Q85=0,0,R100/$R$101) -> 0 | T100: =IF(A100=1,0,(C100*$S$86+D100*$S$87+E100*$S$88+F100*$S$89+G100*$S$90+H100*$S$91+I100*$S$92+J100*$S$93+K100*$S$9768+L100*$S$95+M100*$S$96+N100*$S$97+O100*$S$98+P100*$S$99+Q100*$S$100)/S100) -> 0
R101: =SUM(R86:R100) -> 0 | S101: =SUM(S86:S100) -> 0 | T101: =MAX(T86:T100) -> 0
S103: λ avg/max | T103: =T101 -> 0
B104: TABEL RANDOM INDEX SAATY | E104: =E77 -> 0 | S104: CI | T104: =(T103-E104)/(E104-1) -> 0
S105: RI | T105: =IF(E104=E106,E107,IF(E104=F106,F107,IF(E104=G106,G107,IF(E104=H106,H107,IF(E104=I106,I107,IF(E104=J106,J107,IF(E104=K106,K107,IF(E104=L106,L107,IF(E104=M106,M107,IF(E104=N106,N107,IF(E104=O106,O107,IF(E104=P106,P107,IF(E104=Q106,Q107))))))))))))) -> FALSE
B106: N | C106: 1 | D106: 2 | E106: 3 | F106: 4 | G106: 5 | H106: 6 | I106: 7 | J106: 8 | K106: 9 | L106: 10 | M106: 11 | N106: 12 | O106: 13 | P106: 14 | Q106: 15 | S106: CR | T106: =T104/T105 -> #DIV/0!
B107: RI | C107: 0 | D107: 0 | E107: 0.58 | F107: 0.9 | G107: 1.12 | H107: 1.24 | I107: 1.32 | J107: 1.41 | K107: 1.45 | L107: 1.49 | M107: 1.51 | N107: 1.54 | O107: 1.56 | P107: 1.57 | Q107: 1.58
...

Sheet FINAL MATRIK
A1: MATRIK PERHITUNGAN PERINGKAT CHALLENGES
A3: Kode Challs | B3: Eigen Vector Challenges Setiap Kriteria | Q3: EV Bobot | R3: HASIL
B4: ='Data Kriteria'!C5 -> 0 | C4: ='Data Kriteria'!D5 -> 0 | D4: ='Data Kriteria'!E5 -> 0 | E4: ='Data Kriteria'!F5 -> 0 | F4: ='Data Kriteria'!G5 -> 0 | G4: ='Data Kriteria'!H5 -> 0 | H4: ='Data Kriteria'!I5 -> 0 | I4: ='Data Kriteria'!J5 -> 0 | ... P4: ='Data Kriteria'!Q5 -> 0 | Q4: KRITERIA | R4: FINAL
A5: ='Data Kriteria'!B6 -> 0 | B5: ='Eig Vec Data Kriteria'!S5 -> 0 | C5: ='Eig Vec Data Kriteria'!S32 -> 0 | D5: ='Eig Vec Data Kriteria'!S59 -> 0 | E5: ='Eig Vec Data Kriteria'!S86 -> 0 | F5: ='Eig Vec Data Kriteria'!S113 -> 0 | G5: ='Eig Vec Data Kriteria'!S140 -> 0 | H5: ='Eig Vec Data Kriteria'!S167 -> 0 | I5: ='Eig Vec Data Kriteria'!S194 -> 0 | J5: ='Eig Vec Data Kriteria'!S221 -> 0 | K5: ='Eig Vec Data Kriteria'!S248 -> 0 | L5: ='Eig Vec Data Kriteria'!S275 -> 0 | M5: ='Eig Vec Data Kriteria'!S302 -> 0 | N5: ='Eig Vec Data Kriteria'!S329 -> 0 | O5: ='Eig Vec Data Kriteria'!S356 -> 0 | P5: ='Eig Vec Data Kriteria'!S383 -> 0 | Q5: ='Eig Vec Bobot Kriteria'!S5 -> #DIV/0! | R5: =B5*$Q$5+C5*$Q$6+D5*$Q$7+E5*$Q$8+F5*$Q$9+G5*$Q$10+H5*$Q$11+I5*$Q$12+J5*$Q$13+K5*$Q$14+L5*$Q$15+M5*$Q$16+N5*$Q$17+O5*$Q$18+P5*$Q$19 -> #DIV/0!
A6: ='Data Kriteria'!B7 -> 0 | B6: ='Eig Vec Data Kriteria'!S6 -> 0 | C6: ='Eig Vec Data Kriteria'!S33 -> 0 | D6: ='Eig Vec Data Kriteria'!S60 -> 0 | E6: ='Eig Vec Data Kriteria'!S87 -> 0 | F6: ='Eig Vec Data Kriteria'!S114 -> 0 | G6: ='Eig Vec Data Kriteria'!S141 -> 0 | H6: ='Eig Vec Data Kriteria'!S168 -> 0 | I6: ='Eig Vec Data Kriteria'!S195 -> 0 | J6: ='Eig Vec Data Kriteria'!S222 -> 0 | K6: ='Eig Vec Data Kriteria'!S249 -> 0 | L6: ='Eig Vec Data Kriteria'!S276 -> 0 | M6: ='Eig Vec Data Kriteria'!S303 -> 0 | N6: ='Eig Vec Data Kriteria'!S330 -> 0 | O6: ='Eig Vec Data Kriteria'!S357 -> 0 | P6: ='Eig Vec Data Kriteria'!S384 -> 0 | Q6: ='Eig Vec Bobot Kriteria'!S6 -> #DIV/0! | R6: =B6*$Q$5+C6*$Q$6+D6*$Q$7+E6*$Q$8+F6*$Q$9+G6*$Q$10+H6*$Q$11+I6*$Q$12+J6*$Q$13+K6*$Q$14+L6*$Q$15+M6*$Q$16+N6*$Q$17+O6*$Q$18+P6*$Q$19 -> #DIV/0!
A7: ='Data Kriteria'!B8 -> 0 | B7: ='Eig Vec Data Kriteria'!S7 -> 0 | C7: ='Eig Vec Data Kriteria'!S34 -> 0 | D7: ='Eig Vec Data Kriteria'!S61 -> 0 | E7: ='Eig Vec Data Kriteria'!S88 -> 0 | F7: ='Eig Vec Data Kriteria'!S115 -> 0 | G7: ='Eig Vec Data Kriteria'!S142 -> 0 | H7: ='Eig Vec Data Kriteria'!S169 -> 0 | I7: ='Eig Vec Data Kriteria'!S196 -> 0 | J7: ='Eig Vec Data Kriteria'!S223 -> 0 | K7: ='Eig Vec Data Kriteria'!S250 -> 0 | L7: ='Eig Vec Data Kriteria'!S277 -> 0 | M7: ='Eig Vec Data Kriteria'!S304 -> 0 | N7: ='Eig Vec Data Kriteria'!S331 -> 0 | O7: ='Eig Vec Data Kriteria'!S358 -> 0 | P7: ='Eig Vec Data Kriteria'!S385 -> 0 | Q7: ='Eig Vec Bobot Kriteria'!S7 -> #DIV/0! | R7: =B7*$Q$5+C7*$Q$6+D7*$Q$7+E7*$Q$8+F7*$Q$9+G7*$Q$10+H7*$Q$11+I7*$Q$12+J7*$Q$13+K7*$Q$14+L7*$Q$15+M7*$Q$16+N7*$Q$17+O7*$Q$18+P7*$Q$19 -> #DIV/0!
A8: ='Data Kriteria'!B9 -> 0 | B8: ='Eig Vec Data Kriteria'!S8 -> 0 | C8: ='Eig Vec Data Kriteria'!S35 -> 0 | D8: ='Eig Vec Data Kriteria'!S62 -> 0 | E8: ='Eig Vec Data Kriteria'!S89 -> 0 | F8: ='Eig Vec Data Kriteria'!S116 -> 0 | G8: ='Eig Vec Data Kriteria'!S143 -> 0 | H8: ='Eig Vec Data Kriteria'!S170 -> 0 | I8: ='Eig Vec Data Kriteria'!S197 -> 0 | J8: ='Eig Vec Data Kriteria'!S224 -> 0 | K8: ='Eig Vec Data Kriteria'!S251 -> 0 | L8: ='Eig Vec Data Kriteria'!S278 -> 0 | M8: ='Eig Vec Data Kriteria'!S305 -> 0 | N8: ='Eig Vec Data Kriteria'!S332 -> 0 | O8: ='Eig Vec Data Kriteria'!S359 -> 0 | P8: ='Eig Vec Data Kriteria'!S386 -> 0 | Q8: ='Eig Vec Bobot Kriteria'!S8 -> #DIV/0! | R8: =B8*$Q$5+C8*$Q$6+D8*$Q$7+E8*$Q$8+F8*$Q$9+G8*$Q$10+H8*$Q$11+I8*$Q$12+J8*$Q$13+K8*$Q$14+L8*$Q$15+M8*$Q$16+N8*$Q$17+O8*$Q$18+P8*$Q$19 -> #DIV/0!
A9: ='Data Kriteria'!B10 -> 0 | B9: ='Eig Vec Data Kriteria'!S9 -> 0 | C9: ='Eig Vec Data Kriteria'!S36 -> 0 | D9: ='Eig Vec Data Kriteria'!S63 -> 0 | E9: ='Eig Vec Data Kriteria'!S90 -> 0 | F9: ='Eig Vec Data Kriteria'!S117 -> 0 | G9: ='Eig Vec Data Kriteria'!S144 -> 0 | H9: ='Eig Vec Data Kriteria'!S171 -> 0 | I9: ='Eig Vec Data Kriteria'!S198 -> 0 | J9: ='Eig Vec Data Kriteria'!S225 -> 0 | K9: ='Eig Vec Data Kriteria'!S252 -> 0 | L9: ='Eig Vec Data Kriteria'!S279 -> 0 | M9: ='Eig Vec Data Kriteria'!S306 -> 0 | N9: ='Eig Vec Data Kriteria'!S333 -> 0 | O9: ='Eig Vec Data Kriteria'!S360 -> 0 | P9: ='Eig Vec Data Kriteria'!S387 -> 0 | Q9: ='Eig Vec Bobot Kriteria'!S9 -> #DIV/0! | R9: =B9*$Q$5+C9*$Q$6+D9*$Q$7+E9*$Q$8+F9*$Q$9+G9*$Q$10+H9*$Q$11+I9*$Q$12+J9*$Q$13+K9*$Q$14+L9*$Q$15+M9*$Q$16+N9*$Q$17+O9*$Q$18+P9*$Q$19 -> #DIV/0!
A10: ='Data Kriteria'!B11 -> 0 | B10: ='Eig Vec Data Kriteria'!S10 -> 0 | C10: ='Eig Vec Data Kriteria'!S37 -> 0 | D10: ='Eig Vec Data Kriteria'!S64 -> 0 | E10: ='Eig Vec Data Kriteria'!S91 -> 0 | F10: ='Eig Vec Data Kriteria'!S118 -> 0 | G10: ='Eig Vec Data Kriteria'!S145 -> 0 | H10: ='Eig Vec Data Kriteria'!S172 -> 0 | I10: ='Eig Vec Data Kriteria'!S199 -> 0 | J10: ='Eig Vec Data Kriteria'!S226 -> 0 | K10: ='Eig Vec Data Kriteria'!S253 -> 0 | L10: ='Eig Vec Data Kriteria'!S280 -> 0 | M10: ='Eig Vec Data Kriteria'!S307 -> 0 | N10: ='Eig Vec Data Kriteria'!S334 -> 0 | O10: ='Eig Vec Data Kriteria'!S361 -> 0 | P10: ='Eig Vec Data Kriteria'!S388 -> 0 | Q10: ='Eig Vec Bobot Kriteria'!S10 -> #DIV/0! | R10: =B10*$Q$5+C10*$Q$6+D10*$Q$7+E10*$Q$8+F10*$Q$9+G10*$Q$10+H10*$Q$11+I10*$Q$12+J10*$Q$13+K10*$Q$14+L10*$Q$15+M10*$Q$16+N10*$Q$17+O10*$Q$18+P10*$Q$19 -> #DIV/0!
A11: ='Data Kriteria'!B12 -> 0 | B11: ='Eig Vec Data Kriteria'!S11 -> 0 | C11: ='Eig Vec Data Kriteria'!S38 -> 0 | D11: ='Eig Vec Data Kriteria'!S65 -> 0 | E11: ='Eig Vec Data Kriteria'!S92 -> 0 | F11: ='Eig Vec Data Kriteria'!S119 -> 0 | G11: ='Eig Vec Data Kriteria'!S146 -> 0 | H11: ='Eig Vec Data Kriteria'!S173 -> 0 | I11: ='Eig Vec Data Kriteria'!S200 -> 0 | J11: ='Eig Vec Data Kriteria'!S227 -> 0 | K11: ='Eig Vec Data Kriteria'!S254 -> 0 | L11: ='Eig Vec Data Kriteria'!S281 -> 0 | M11: ='Eig Vec Data Kriteria'!S308 -> 0 | N11: ='Eig Vec Data Kriteria'!S335 -> 0 | O11: ='Eig Vec Data Kriteria'!S362 -> 0 | P11: ='Eig Vec Data Kriteria'!S389 -> 0 | Q11: ='Eig Vec Bobot Kriteria'!S11 -> #DIV/0! | R11: =B11*$Q$5+C11*$Q$6+D11*$Q$7+E11*$Q$8+F11*$Q$9+G11*$Q$10+H11*$Q$11+I11*$Q$12+J11*$Q$13+K11*$Q$14+L11*$Q$15+M11*$Q$16+N11*$Q$17+O11*$Q$18+P11*$Q$19 -> #DIV/0!
A12: ='Data Kriteria'!B13 -> 0 | B12: ='Eig Vec Data Kriteria'!S12 -> 0 | C12: ='Eig Vec Data Kriteria'!S39 -> 0 | D12: ='Eig Vec Data Kriteria'!S66 -> 0 | E12: ='Eig Vec Data Kriteria'!S93 -> 0 | F12: ='Eig Vec Data Kriteria'!S120 -> 0 | G12: ='Eig Vec Data Kriteria'!S147 -> 0 | H12: ='Eig Vec Data Kriteria'!S174 -> 0 | I12: ='Eig Vec Data Kriteria'!S201 -> 0 | J12: ='Eig Vec Data Kriteria'!S228 -> 0 | K12: ='Eig Vec Data Kriteria'!S255 -> 0 | L12: ='Eig Vec Data Kriteria'!S282 -> 0 | M12: ='Eig Vec Data Kriteria'!S309 -> 0 | N12: ='Eig Vec Data Kriteria'!S336 -> 0 | O12: ='Eig Vec Data Kriteria'!S363 -> 0 | P12: ='Eig Vec Data Kriteria'!S390 -> 0 | Q12: ='Eig Vec Bobot Kriteria'!S12 -> #DIV/0! | R12: =B12*$Q$5+C12*$Q$6+D12*$Q$7+E12*$Q$8+F12*$Q$9+G12*$Q$10+H12*$Q$11+I12*$Q$12+J12*$Q$13+K12*$Q$14+L12*$Q$15+M12*$Q$16+N12*$Q$17+O12*$Q$18+P12*$Q$19 -> #DIV/0!
A13: ='Data Kriteria'!B14 -> 0 | B13: ='Eig Vec Data Kriteria'!S13 -> 0 | C13: ='Eig Vec Data Kriteria'!S40 -> 0 | D13: ='Eig Vec Data Kriteria'!S67 -> 0 | E13: ='Eig Vec Data Kriteria'!S94 -> 0 | F13: ='Eig Vec Data Kriteria'!S121 -> 0 | G13: ='Eig Vec Data Kriteria'!S148 -> 0 | H13: ='Eig Vec Data Kriteria'!S175 -> 0 | I13: ='Eig Vec Data Kriteria'!S202 -> 0 | J13: ='Eig Vec Data Kriteria'!S229 -> 0 | K13: ='Eig Vec Data Kriteria'!S256 -> 0 | L13: ='Eig Vec Data Kriteria'!S283 -> 0 | M13: ='Eig Vec Data Kriteria'!S310 -> 0 | N13: ='Eig Vec Data Kriteria'!S337 -> 0 | O13: ='Eig Vec Data Kriteria'!S364 -> 0 | P13: ='Eig Vec Data Kriteria'!S391 -> 0 | Q13: ='Eig Vec Bobot Kriteria'!S13 -> #DIV/0! | R13: =B13*$Q$5+C13*$Q$6+D13*$Q$7+E13*$Q$8+F13*$Q$9+G13*$Q$10+H13*$Q$11+I13*$Q$12+J13*$Q$13+K13*$Q$14+L13*$Q$15+M13*$Q$16+N13*$Q$17+O13*$Q$18+P13*$Q$19 -> #DIV/0!
A14: ='Data Kriteria'!B15 -> 0 | B14: ='Eig Vec Data Kriteria'!S14 -> 0 | C14: ='Eig Vec Data Kriteria'!S41 -> 0 | D14: ='Eig Vec Data Kriteria'!S68 -> 0 | E14: ='Eig Vec Data Kriteria'!S95 -> 0 | F14: ='Eig Vec Data Kriteria'!S122 -> 0 | G14: ='Eig Vec Data Kriteria'!S149 -> 0 | H14: ='Eig Vec Data Kriteria'!S176 -> 0 | I14: ='Eig Vec Data Kriteria'!S203 -> 0 | J14: ='Eig Vec Data Kriteria'!S230 -> 0 | K14: ='Eig Vec Data Kriteria'!S257 -> 0 | L14: ='Eig Vec Data Kriteria'!S284 -> 0 | M14: ='Eig Vec Data Kriteria'!S311 -> 0 | N14: ='Eig Vec Data Kriteria'!S338 -> 0 | O14: ='Eig Vec Data Kriteria'!S365 -> 0 | P14: ='Eig Vec Data Kriteria'!S392 -> 0 | Q14: ='Eig Vec Bobot Kriteria'!S14 -> #DIV/0! | R14: =B14*$Q$5+C14*$Q$6+D14*$Q$7+E14*$Q$8+F14*$Q$9+G14*$Q$10+H14*$Q$11+I14*$Q$12+J14*$Q$13+K14*$Q$14+L14*$Q$15+M14*$Q$16+N14*$Q$17+O14*$Q$18+P14*$Q$19 -> #DIV/0!
A15: ='Data Kriteria'!B16 -> 0 | B15: ='Eig Vec Data Kriteria'!S15 -> 0 | C15: ='Eig Vec Data Kriteria'!S42 -> 0 | D15: ='Eig Vec Data Kriteria'!S69 -> 0 | E15: ='Eig Vec Data Kriteria'!S96 -> 0 | F15: ='Eig Vec Data Kriteria'!S123 -> 0 | G15: ='Eig Vec Data Kriteria'!S150 -> 0 | H15: ='Eig Vec Data Kriteria'!S177 -> 0 | I15: ='Eig Vec Data Kriteria'!S204 -> 0 | J15: ='Eig Vec Data Kriteria'!S231 -> 0 | K15: ='Eig Vec Data Kriteria'!S258 -> 0 | L15: ='Eig Vec Data Kriteria'!S285 -> 0 | M15: ='Eig Vec Data Kriteria'!S312 -> 0 | N15: ='Eig Vec Data Kriteria'!S339 -> 0 | O15: ='Eig Vec Data Kriteria'!S366 -> 0 | P15: ='Eig Vec Data Kriteria'!S393 -> 0 | Q15: ='Eig Vec Bobot Kriteria'!S15 -> #DIV/0! | R15: =B15*$Q$5+C15*$Q$6+D15*$Q$7+E15*$Q$8+F15*$Q$9+G15*$Q$10+H15*$Q$11+I15*$Q$12+J15*$Q$13+K15*$Q$14+L15*$Q$15+M15*$Q$16+N15*$Q$17+O15*$Q$18+P15*$Q$19 -> #DIV/0!
A16: ='Data Kriteria'!B17 -> 0 | B16: ='Eig Vec Data Kriteria'!S16 -> 0 | C16: ='Eig Vec Data Kriteria'!S43 -> 0 | D16: ='Eig Vec Data Kriteria'!S70 -> 0 | E16: ='Eig Vec Data Kriteria'!S97 -> 0 | F16: ='Eig Vec Data Kriteria'!S124 -> 0 | G16: ='Eig Vec Data Kriteria'!S151 -> 0 | H16: ='Eig Vec Data Kriteria'!S178 -> 0 | I16: ='Eig Vec Data Kriteria'!S205 -> 0 | J16: ='Eig Vec Data Kriteria'!S232 -> 0 | K16: ='Eig Vec Data Kriteria'!S259 -> 0 | L16: ='Eig Vec Data Kriteria'!S286 -> 0 | M16: ='Eig Vec Data Kriteria'!S313 -> 0 | N16: ='Eig Vec Data Kriteria'!S340 -> 0 | O16: ='Eig Vec Data Kriteria'!S367 -> 0 | P16: ='Eig Vec Data Kriteria'!S394 -> 0 | Q16: ='Eig Vec Bobot Kriteria'!S16 -> #DIV/0! | R16: =B16*$Q$5+C16*$Q$6+D16*$Q$7+E16*$Q$8+F16*$Q$9+G16*$Q$10+H16*$Q$11+I16*$Q$12+J16*$Q$13+K16*$Q$14+L16*$Q$15+M16*$Q$16+N16*$Q$17+O16*$Q$18+P16*$Q$19 -> #DIV/0!
... A19: ='Data Kriteria'!B20 -> 0 | B19: ='Eig Vec Data Kriteria'!S19 -> 0 | C19: ='Eig Vec Data Kriteria'!S46 -> 0 | D19: ='Eig Vec Data Kriteria'!S73 -> 0 | E19: ='Eig Vec Data Kriteria'!S100 -> 0 | F19: ='Eig Vec Data Kriteria'!S127 -> 0 | G19: ='Eig Vec Data Kriteria'!S154 -> 0 | H19: ='Eig Vec Data Kriteria'!S181 -> 0 | I19: ='Eig Vec Data Kriteria'!S208 -> 0 | J19: ='Eig Vec Data Kriteria'!S235 -> 0 | K19: ='Eig Vec Data Kriteria'!S262 -> 0 | L19: ='Eig Vec Data Kriteria'!S289 -> 0 | M19: ='Eig Vec Data Kriteria'!S316 -> 0 | N19: ='Eig Vec Data Kriteria'!S343 -> 0 | O19: ='Eig Vec Data Kriteria'!S370 -> 0 | P19: ='Eig Vec Data Kriteria'!S397 -> 0 | Q19: ='Eig Vec Bobot Kriteria'!S19 -> #DIV/0! | R19: =B19*$Q$5+C19*$Q$6+D19*$Q$7+E19*$Q$8+F19*$Q$9+G19*$Q$10+H19*$Q$11+I19*$Q$12+J19*$Q$13+K19*$Q$14+L19*$Q$15+M19*$Q$16+N19*$Q$17+O19*$Q$18+P19*$Q$19 -> #DIV/0!

Sheet PERINGKAT
B1: =Challanges!C1 -> Nama Kegiatan Perhitungan AHP (disesuaikan di sini)
C4: HASIL AKHIR PERHITUNGAN MEMBUAT KEPUTUSAN METODE AHP
C6: PERINGKAT | E6: NAMA CHALLENGES | F6: KODE CHALLS | G6: NILAI
C7: 1 | E7: {=_xlfn._xlws.SORT(E27:G41,3,-1)} -> 0 | F7: 0 | G7: #DIV/0!
C8: 2 | E8: 0 | F8: 0 | G8: #DIV/0!
C9: 3 | E9: 0 | F9: 0 | G9: #DIV/0!
C10: 4 | E10: 0 | F10: 0 | G10: #DIV/0!
C11: 5 | E11: 0 | F11: 0 | G11: #DIV/0!
C12: 6 | E12: 0 | F12: 0 | G12: #DIV/0!
C13: 7 | E13: 0 | F13: 0 | G13: #DIV/0!
C14: 8 | E14: 0 | F14: 0 | G14: #DIV/0!
C15: 9 | E15: 0 | F15: 0 | G15: #DIV/0!
C16: 10 | E16: 0 | F16: 0 | G16: #DIV/0!
C17: 11 | E17: 0 | F17: 0 | G17: #DIV/0!
C18: 12 | E18: 0 | F18: 0 | G18: #DIV/0!
C19: 13 | E19: 0 | F19: 0 | G19: #DIV/0!
... C21: 15 | E21: 0 | F21: 0 | G21: #DIV/0!
E25: DATA SEBELUM SORT
E26: NAMA LOKASI/DAERAH DD | F26: KODE LOKASI | G26: NILAI
E27: =Challanges!C7 -> 0 | F27: =Challanges!D7 -> 0 | G27: ='FINAL MATRIK'!R5 -> #DIV/0!
E28: =Challanges!C8 -> 0 | F28: =Challanges!D8 -> 0 | G28: ='FINAL MATRIK'!R6 -> #DIV/0!
E29: =Challanges!C9 -> 0 | F29: =Challanges!D9 -> 0 | G29: ='FINAL MATRIK'!R7 -> #DIV/0!
E30: =Challanges!C10 -> 0 | F30: =Challanges!D10 -> 0 | G30: ='FINAL MATRIK'!R8 -> #DIV/0!
E31: =Challanges!C11 -> 0 | F31: =Challanges!D11 -> 0 | G31: ='FINAL MATRIK'!R9 -> #DIV/0!
E32: =Challanges!C12 -> 0 | F32: =Challanges!D12 -> 0 | G32: ='FINAL MATRIK'!R10 -> #DIV/0!
E33: =Challanges!C13 -> 0 | F33: =Challanges!D13 -> 0 | G33: ='FINAL MATRIK'!R11 -> #DIV/0!
E34: =Challanges!C14 -> 0 | F34: =Challanges!D14 -> 0 | G34: ='FINAL MATRIK'!R12 -> #DIV/0!
E35: =Challanges!C15 -> 0 | F35: =Challanges!D15 -> 0 | G35: ='FINAL MATRIK'!R13 -> #DIV/0!
E36: =Challanges!C16 -> 0 | F36: =Challanges!D16 -> 0 | G36: ='FINAL MATRIK'!R14 -> #DIV/0!
E37: =Challanges!C17 -> 0 | F37: =Challanges!D17 -> 0 | G37: ='FINAL MATRIK'!R15 -> #DIV/0!
E38: =Challanges!C18 -> 0 | F38: =Challanges!D18 -> 0 | G38: ='FINAL MATRIK'!R16 -> #DIV/0!
... E41: =Challanges!C21 -> 0 | F41: =Challanges!D21 -> 0 | G41: ='FINAL MATRIK'!R19 -> #DIV/0!
